mode: set
github.com/braincreator/flowlink/internal/relay/approval.go:48.95,57.2 3 1
github.com/braincreator/flowlink/internal/relay/approval.go:60.97,78.24 7 1
github.com/braincreator/flowlink/internal/relay/approval.go:78.24,83.3 1 1
github.com/braincreator/flowlink/internal/relay/approval.go:85.2,86.12 2 1
github.com/braincreator/flowlink/internal/relay/approval.go:90.92,95.9 4 1
github.com/braincreator/flowlink/internal/relay/approval.go:95.9,97.3 1 1
github.com/braincreator/flowlink/internal/relay/approval.go:98.2,98.35 1 1
github.com/braincreator/flowlink/internal/relay/approval.go:98.35,100.3 1 1
github.com/braincreator/flowlink/internal/relay/approval.go:102.2,109.24 7 1
github.com/braincreator/flowlink/internal/relay/approval.go:109.24,114.3 1 1
github.com/braincreator/flowlink/internal/relay/approval.go:116.2,117.17 2 1
github.com/braincreator/flowlink/internal/relay/approval.go:121.91,126.9 4 1
github.com/braincreator/flowlink/internal/relay/approval.go:126.9,128.3 1 1
github.com/braincreator/flowlink/internal/relay/approval.go:129.2,129.35 1 1
github.com/braincreator/flowlink/internal/relay/approval.go:129.35,131.3 1 0
github.com/braincreator/flowlink/internal/relay/approval.go:133.2,140.24 7 1
github.com/braincreator/flowlink/internal/relay/approval.go:140.24,145.3 1 1
github.com/braincreator/flowlink/internal/relay/approval.go:147.2,148.17 2 1
github.com/braincreator/flowlink/internal/relay/approval.go:152.100,157.34 4 1
github.com/braincreator/flowlink/internal/relay/approval.go:157.34,158.46 1 1
github.com/braincreator/flowlink/internal/relay/approval.go:158.46,159.12 1 1
github.com/braincreator/flowlink/internal/relay/approval.go:161.3,161.43 1 1
github.com/braincreator/flowlink/internal/relay/approval.go:161.43,162.12 1 1
github.com/braincreator/flowlink/internal/relay/approval.go:164.3,164.31 1 1
github.com/braincreator/flowlink/internal/relay/approval.go:168.2,170.38 2 1
github.com/braincreator/flowlink/internal/relay/approval.go:170.38,172.3 1 1
github.com/braincreator/flowlink/internal/relay/approval.go:173.2,173.15 1 1
github.com/braincreator/flowlink/internal/relay/approval.go:177.66,182.2 4 1
github.com/braincreator/flowlink/internal/relay/approval.go:185.45,189.34 4 1
github.com/braincreator/flowlink/internal/relay/approval.go:189.34,190.36 1 1
github.com/braincreator/flowlink/internal/relay/approval.go:190.36,192.4 1 1
github.com/braincreator/flowlink/internal/relay/approval.go:194.2,194.14 1 1
github.com/braincreator/flowlink/internal/relay/approval.go:198.62,204.34 5 1
github.com/braincreator/flowlink/internal/relay/approval.go:204.34,205.71 1 1
github.com/braincreator/flowlink/internal/relay/approval.go:205.71,212.4 6 1
github.com/braincreator/flowlink/internal/relay/approval.go:214.2,214.17 1 1
github.com/braincreator/flowlink/internal/relay/approval.go:214.17,216.3 1 1
github.com/braincreator/flowlink/internal/relay/approval.go:217.2,217.16 1 1
github.com/braincreator/flowlink/internal/relay/approval.go:221.56,222.24 1 1
github.com/braincreator/flowlink/internal/relay/approval.go:222.24,224.3 1 0
github.com/braincreator/flowlink/internal/relay/approval.go:225.2,226.16 2 1
github.com/braincreator/flowlink/internal/relay/approval.go:226.16,229.3 2 0
github.com/braincreator/flowlink/internal/relay/approval.go:230.2,231.16 2 1
github.com/braincreator/flowlink/internal/relay/approval.go:231.16,234.3 2 0
github.com/braincreator/flowlink/internal/relay/approval.go:235.2,237.11 3 1
github.com/braincreator/flowlink/internal/relay/approval.go:241.33,242.24 1 1
github.com/braincreator/flowlink/internal/relay/approval.go:242.24,244.3 1 0
github.com/braincreator/flowlink/internal/relay/approval.go:245.2,246.16 2 1
github.com/braincreator/flowlink/internal/relay/approval.go:246.16,248.3 1 1
github.com/braincreator/flowlink/internal/relay/approval.go:249.2,250.48 2 1
github.com/braincreator/flowlink/internal/relay/approval.go:250.48,252.17 2 1
github.com/braincreator/flowlink/internal/relay/approval.go:252.17,253.12 1 0
github.com/braincreator/flowlink/internal/relay/approval.go:255.3,256.60 2 1
github.com/braincreator/flowlink/internal/relay/approval.go:256.60,257.12 1 0
github.com/braincreator/flowlink/internal/relay/approval.go:259.3,260.11 2 1
github.com/braincreator/flowlink/internal/relay/approval.go:262.2,262.16 1 1
github.com/braincreator/flowlink/internal/relay/approval.go:262.16,264.3 1 1
github.com/braincreator/flowlink/internal/relay/approval.go:267.48,269.2 1 1
github.com/braincreator/flowlink/internal/relay/approval.go:271.44,272.35 1 1
github.com/braincreator/flowlink/internal/relay/approval.go:272.35,273.38 1 1
github.com/braincreator/flowlink/internal/relay/approval.go:273.38,274.50 1 1
github.com/braincreator/flowlink/internal/relay/approval.go:274.50,276.5 1 1
github.com/braincreator/flowlink/internal/relay/approval.go:281.36,284.30 3 1
github.com/braincreator/flowlink/internal/relay/approval.go:284.30,285.19 1 1
github.com/braincreator/flowlink/internal/relay/approval.go:285.19,288.4 2 1
github.com/braincreator/flowlink/internal/relay/approval.go:290.2,290.20 1 1
github.com/braincreator/flowlink/internal/relay/approval.go:290.20,292.3 1 1
github.com/braincreator/flowlink/internal/relay/approval.go:293.2,293.14 1 1
github.com/braincreator/flowlink/internal/relay/approval.go:296.33,298.77 2 1
github.com/braincreator/flowlink/internal/relay/approval.go:298.77,300.3 1 1
github.com/braincreator/flowlink/internal/relay/approval.go:301.2,301.85 1 1
github.com/braincreator/flowlink/internal/relay/approval.go:301.85,303.3 1 1
github.com/braincreator/flowlink/internal/relay/approval.go:304.2,304.15 1 1
github.com/braincreator/flowlink/internal/relay/audit.go:79.59,81.2 1 1
github.com/braincreator/flowlink/internal/relay/audit.go:84.80,85.19 1 1
github.com/braincreator/flowlink/internal/relay/audit.go:85.19,88.3 2 1
github.com/braincreator/flowlink/internal/relay/audit.go:90.2,90.51 1 1
github.com/braincreator/flowlink/internal/relay/audit.go:90.51,92.3 1 0
github.com/braincreator/flowlink/internal/relay/audit.go:95.2,96.16 2 1
github.com/braincreator/flowlink/internal/relay/audit.go:96.16,98.3 1 0
github.com/braincreator/flowlink/internal/relay/audit.go:100.2,110.20 3 1
github.com/braincreator/flowlink/internal/relay/audit.go:114.51,119.20 3 1
github.com/braincreator/flowlink/internal/relay/audit.go:119.20,121.3 1 1
github.com/braincreator/flowlink/internal/relay/audit.go:122.2,122.30 1 1
github.com/braincreator/flowlink/internal/relay/audit.go:122.30,124.3 1 1
github.com/braincreator/flowlink/internal/relay/audit.go:127.2,128.52 2 1
github.com/braincreator/flowlink/internal/relay/audit.go:128.52,129.27 1 1
github.com/braincreator/flowlink/internal/relay/audit.go:129.27,131.4 1 1
github.com/braincreator/flowlink/internal/relay/audit.go:133.3,135.17 3 1
github.com/braincreator/flowlink/internal/relay/audit.go:135.17,137.4 1 0
github.com/braincreator/flowlink/internal/relay/audit.go:139.3,140.24 2 1
github.com/braincreator/flowlink/internal/relay/audit.go:144.2,147.27 2 1
github.com/braincreator/flowlink/internal/relay/audit.go:147.27,149.3 1 1
github.com/braincreator/flowlink/internal/relay/audit.go:152.2,153.16 2 1
github.com/braincreator/flowlink/internal/relay/audit.go:153.16,155.3 1 0
github.com/braincreator/flowlink/internal/relay/audit.go:158.2,158.68 1 1
github.com/braincreator/flowlink/internal/relay/audit.go:158.68,160.3 1 0
github.com/braincreator/flowlink/internal/relay/audit.go:163.2,165.12 2 1
github.com/braincreator/flowlink/internal/relay/audit.go:169.69,177.54 5 1
github.com/braincreator/flowlink/internal/relay/audit.go:177.54,179.3 1 1
github.com/braincreator/flowlink/internal/relay/audit.go:181.2,182.49 2 1
github.com/braincreator/flowlink/internal/relay/audit.go:182.49,184.3 1 0
github.com/braincreator/flowlink/internal/relay/audit.go:187.2,187.64 1 1
github.com/braincreator/flowlink/internal/relay/audit.go:187.64,191.17 3 1
github.com/braincreator/flowlink/internal/relay/audit.go:191.17,192.26 1 1
github.com/braincreator/flowlink/internal/relay/audit.go:192.26,193.13 1 1
github.com/braincreator/flowlink/internal/relay/audit.go:195.4,195.19 1 0
github.com/braincreator/flowlink/internal/relay/audit.go:199.3,199.33 1 1
github.com/braincreator/flowlink/internal/relay/audit.go:199.33,200.35 1 1
github.com/braincreator/flowlink/internal/relay/audit.go:200.35,201.13 1 1
github.com/braincreator/flowlink/internal/relay/audit.go:203.4,203.36 1 1
github.com/braincreator/flowlink/internal/relay/audit.go:208.2,208.42 1 1
github.com/braincreator/flowlink/internal/relay/audit.go:208.42,210.3 1 1
github.com/braincreator/flowlink/internal/relay/audit.go:213.2,213.53 1 1
github.com/braincreator/flowlink/internal/relay/audit.go:213.53,215.3 1 0
github.com/braincreator/flowlink/internal/relay/audit.go:215.8,215.41 1 1
github.com/braincreator/flowlink/internal/relay/audit.go:215.41,217.3 1 1
github.com/braincreator/flowlink/internal/relay/audit.go:219.2,219.51 1 1
github.com/braincreator/flowlink/internal/relay/audit.go:219.51,221.3 1 1
github.com/braincreator/flowlink/internal/relay/audit.go:223.2,223.21 1 1
github.com/braincreator/flowlink/internal/relay/audit.go:227.59,229.2 1 1
github.com/braincreator/flowlink/internal/relay/audit.go:232.79,234.16 2 1
github.com/braincreator/flowlink/internal/relay/audit.go:234.16,236.3 1 0
github.com/braincreator/flowlink/internal/relay/audit.go:238.2,238.33 1 1
github.com/braincreator/flowlink/internal/relay/audit.go:239.13,240.30 1 1
github.com/braincreator/flowlink/internal/relay/audit.go:241.14,242.47 1 1
github.com/braincreator/flowlink/internal/relay/audit.go:243.10,244.72 1 0
github.com/braincreator/flowlink/internal/relay/audit.go:249.52,264.82 7 1
github.com/braincreator/flowlink/internal/relay/audit.go:264.82,268.17 3 1
github.com/braincreator/flowlink/internal/relay/audit.go:268.17,269.26 1 1
github.com/braincreator/flowlink/internal/relay/audit.go:269.26,270.13 1 1
github.com/braincreator/flowlink/internal/relay/audit.go:272.4,272.19 1 0
github.com/braincreator/flowlink/internal/relay/audit.go:275.3,275.33 1 1
github.com/braincreator/flowlink/internal/relay/audit.go:275.33,282.53 5 1
github.com/braincreator/flowlink/internal/relay/audit.go:282.53,284.5 1 1
github.com/braincreator/flowlink/internal/relay/audit.go:287.4,287.38 1 1
github.com/braincreator/flowlink/internal/relay/audit.go:287.38,289.5 1 1
github.com/braincreator/flowlink/internal/relay/audit.go:292.4,292.78 1 1
github.com/braincreator/flowlink/internal/relay/audit.go:292.78,294.5 1 1
github.com/braincreator/flowlink/internal/relay/audit.go:295.4,295.77 1 1
github.com/braincreator/flowlink/internal/relay/audit.go:295.77,297.5 1 1
github.com/braincreator/flowlink/internal/relay/audit.go:301.2,301.19 1 1
github.com/braincreator/flowlink/internal/relay/audit.go:305.38,310.26 3 0
github.com/braincreator/flowlink/internal/relay/audit.go:310.26,314.3 3 0
github.com/braincreator/flowlink/internal/relay/audit.go:317.2,318.16 2 0
github.com/braincreator/flowlink/internal/relay/audit.go:318.16,320.3 1 0
github.com/braincreator/flowlink/internal/relay/audit.go:322.2,322.29 1 0
github.com/braincreator/flowlink/internal/relay/audit.go:322.29,324.17 2 0
github.com/braincreator/flowlink/internal/relay/audit.go:324.17,325.12 1 0
github.com/braincreator/flowlink/internal/relay/audit.go:328.3,328.30 1 0
github.com/braincreator/flowlink/internal/relay/audit.go:328.30,330.47 1 0
github.com/braincreator/flowlink/internal/relay/audit.go:330.47,331.13 1 0
github.com/braincreator/flowlink/internal/relay/audit.go:334.4,334.19 1 0
github.com/braincreator/flowlink/internal/relay/audit.go:338.2,338.12 1 0
github.com/braincreator/flowlink/internal/relay/audit.go:342.54,343.24 1 1
github.com/braincreator/flowlink/internal/relay/audit.go:343.24,345.3 1 0
github.com/braincreator/flowlink/internal/relay/audit.go:347.2,354.16 5 1
github.com/braincreator/flowlink/internal/relay/audit.go:354.16,356.3 1 0
github.com/braincreator/flowlink/internal/relay/audit.go:358.2,358.29 1 1
github.com/braincreator/flowlink/internal/relay/audit.go:358.29,367.17 6 1
github.com/braincreator/flowlink/internal/relay/audit.go:367.17,368.12 1 0
github.com/braincreator/flowlink/internal/relay/audit.go:371.3,371.30 1 1
github.com/braincreator/flowlink/internal/relay/audit.go:371.30,373.4 1 1
github.com/braincreator/flowlink/internal/relay/audit.go:376.2,376.12 1 1
github.com/braincreator/flowlink/internal/relay/audit.go:380.37,384.26 3 1
github.com/braincreator/flowlink/internal/relay/audit.go:384.26,386.3 1 1
github.com/braincreator/flowlink/internal/relay/audit.go:387.2,387.12 1 0
github.com/braincreator/flowlink/internal/relay/audit.go:392.71,395.2 1 1
github.com/braincreator/flowlink/internal/relay/audit.go:397.75,398.59 1 1
github.com/braincreator/flowlink/internal/relay/audit.go:398.59,400.3 1 1
github.com/braincreator/flowlink/internal/relay/audit.go:401.2,401.62 1 1
github.com/braincreator/flowlink/internal/relay/audit.go:401.62,403.3 1 0
github.com/braincreator/flowlink/internal/relay/audit.go:404.2,404.56 1 1
github.com/braincreator/flowlink/internal/relay/audit.go:404.56,406.3 1 0
github.com/braincreator/flowlink/internal/relay/audit.go:407.2,407.65 1 1
github.com/braincreator/flowlink/internal/relay/audit.go:407.65,409.3 1 0
github.com/braincreator/flowlink/internal/relay/audit.go:410.2,410.56 1 1
github.com/braincreator/flowlink/internal/relay/audit.go:410.56,412.3 1 0
github.com/braincreator/flowlink/internal/relay/audit.go:413.2,413.62 1 1
github.com/braincreator/flowlink/internal/relay/audit.go:413.62,415.3 1 0
github.com/braincreator/flowlink/internal/relay/audit.go:416.2,416.57 1 1
github.com/braincreator/flowlink/internal/relay/audit.go:416.57,418.3 1 0
github.com/braincreator/flowlink/internal/relay/audit.go:419.2,419.13 1 1
github.com/braincreator/flowlink/internal/relay/audit.go:422.71,433.28 5 1
github.com/braincreator/flowlink/internal/relay/audit.go:433.28,452.3 2 1
github.com/braincreator/flowlink/internal/relay/audit.go:454.2,455.45 2 1
github.com/braincreator/flowlink/internal/relay/audit.go:458.59,461.16 2 0
github.com/braincreator/flowlink/internal/relay/audit.go:461.16,463.3 1 0
github.com/braincreator/flowlink/internal/relay/audit.go:464.2,468.16 3 0
github.com/braincreator/flowlink/internal/relay/audit.go:468.16,470.3 1 0
github.com/braincreator/flowlink/internal/relay/audit.go:471.2,477.44 4 0
github.com/braincreator/flowlink/internal/relay/audit.go:477.44,479.3 1 0
github.com/braincreator/flowlink/internal/relay/audit.go:481.2,481.12 1 0
github.com/braincreator/flowlink/internal/relay/audit.go:484.41,488.21 3 1
github.com/braincreator/flowlink/internal/relay/audit.go:488.21,494.3 2 0
github.com/braincreator/flowlink/internal/relay/audit.go:498.63,508.82 5 1
github.com/braincreator/flowlink/internal/relay/audit.go:508.82,514.17 4 1
github.com/braincreator/flowlink/internal/relay/audit.go:514.17,515.26 1 1
github.com/braincreator/flowlink/internal/relay/audit.go:515.26,516.13 1 1
github.com/braincreator/flowlink/internal/relay/audit.go:518.5,520.13 3 0
github.com/braincreator/flowlink/internal/relay/audit.go:523.3,523.33 1 1
github.com/braincreator/flowlink/internal/relay/audit.go:523.33,526.22 3 1
github.com/braincreator/flowlink/internal/relay/audit.go:526.22,530.5 3 0
github.com/braincreator/flowlink/internal/relay/audit.go:533.3,533.27 1 1
github.com/braincreator/flowlink/internal/relay/audit.go:533.27,535.4 1 1
github.com/braincreator/flowlink/internal/relay/audit.go:538.2,539.20 2 1
github.com/braincreator/flowlink/internal/relay/audit.go:560.75,572.25 11 1
github.com/braincreator/flowlink/internal/relay/audit.go:572.25,574.3 1 1
github.com/braincreator/flowlink/internal/relay/audit.go:575.2,575.22 1 1
github.com/braincreator/flowlink/internal/relay/audit.go:575.22,577.3 1 0
github.com/braincreator/flowlink/internal/relay/audit.go:578.2,578.26 1 1
github.com/braincreator/flowlink/internal/relay/audit.go:578.26,580.3 1 0
github.com/braincreator/flowlink/internal/relay/audit.go:581.2,581.25 1 1
github.com/braincreator/flowlink/internal/relay/audit.go:581.25,583.3 1 0
github.com/braincreator/flowlink/internal/relay/audit.go:584.2,584.23 1 1
github.com/braincreator/flowlink/internal/relay/audit.go:584.23,586.3 1 0
github.com/braincreator/flowlink/internal/relay/audit.go:587.2,587.26 1 1
github.com/braincreator/flowlink/internal/relay/audit.go:587.26,589.3 1 1
github.com/braincreator/flowlink/internal/relay/audit.go:591.2,591.10 1 1
github.com/braincreator/flowlink/internal/relay/audit.go:595.85,600.43 3 1
github.com/braincreator/flowlink/internal/relay/audit.go:600.43,602.17 2 0
github.com/braincreator/flowlink/internal/relay/audit.go:602.17,604.4 1 0
github.com/braincreator/flowlink/internal/relay/audit.go:605.3,608.17 3 0
github.com/braincreator/flowlink/internal/relay/audit.go:608.17,610.4 1 0
github.com/braincreator/flowlink/internal/relay/audit.go:611.3,614.7 3 0
github.com/braincreator/flowlink/internal/relay/audit.go:614.7,616.52 2 0
github.com/braincreator/flowlink/internal/relay/audit.go:616.52,617.22 1 0
github.com/braincreator/flowlink/internal/relay/audit.go:617.22,618.11 1 0
github.com/braincreator/flowlink/internal/relay/audit.go:620.5,620.20 1 0
github.com/braincreator/flowlink/internal/relay/audit.go:622.4,624.75 2 0
github.com/braincreator/flowlink/internal/relay/audit.go:624.75,626.5 1 0
github.com/braincreator/flowlink/internal/relay/audit.go:627.4,627.36 1 0
github.com/braincreator/flowlink/internal/relay/audit.go:630.3,630.22 1 0
github.com/braincreator/flowlink/internal/relay/audit.go:634.2,635.16 2 1
github.com/braincreator/flowlink/internal/relay/audit.go:635.16,637.3 1 1
github.com/braincreator/flowlink/internal/relay/audit.go:638.2,641.6 3 1
github.com/braincreator/flowlink/internal/relay/audit.go:641.6,643.51 2 1
github.com/braincreator/flowlink/internal/relay/audit.go:643.51,644.21 1 1
github.com/braincreator/flowlink/internal/relay/audit.go:644.21,645.10 1 1
github.com/braincreator/flowlink/internal/relay/audit.go:647.4,647.19 1 0
github.com/braincreator/flowlink/internal/relay/audit.go:649.3,651.74 2 1
github.com/braincreator/flowlink/internal/relay/audit.go:651.74,653.4 1 0
github.com/braincreator/flowlink/internal/relay/audit.go:654.3,654.35 1 1
github.com/braincreator/flowlink/internal/relay/audit.go:657.2,657.21 1 1
github.com/braincreator/flowlink/internal/relay/audit.go:661.71,664.35 2 1
github.com/braincreator/flowlink/internal/relay/audit.go:664.35,666.3 1 1
github.com/braincreator/flowlink/internal/relay/audit.go:667.2,667.42 1 1
github.com/braincreator/flowlink/internal/relay/audit.go:667.42,669.3 1 1
github.com/braincreator/flowlink/internal/relay/audit.go:670.2,670.41 1 1
github.com/braincreator/flowlink/internal/relay/audit.go:670.41,672.3 1 1
github.com/braincreator/flowlink/internal/relay/audit.go:673.2,673.42 1 1
github.com/braincreator/flowlink/internal/relay/audit.go:673.42,675.3 1 1
github.com/braincreator/flowlink/internal/relay/audit.go:676.2,676.39 1 1
github.com/braincreator/flowlink/internal/relay/audit.go:676.39,678.3 1 1
github.com/braincreator/flowlink/internal/relay/audit.go:679.2,679.40 1 1
github.com/braincreator/flowlink/internal/relay/audit.go:679.40,681.3 1 1
github.com/braincreator/flowlink/internal/relay/audit.go:682.2,682.37 1 1
github.com/braincreator/flowlink/internal/relay/audit.go:682.37,684.3 1 0
github.com/braincreator/flowlink/internal/relay/audit.go:685.2,685.43 1 1
github.com/braincreator/flowlink/internal/relay/audit.go:685.43,687.3 1 1
github.com/braincreator/flowlink/internal/relay/audit.go:688.2,688.46 1 1
github.com/braincreator/flowlink/internal/relay/audit.go:688.46,690.3 1 1
github.com/braincreator/flowlink/internal/relay/audit.go:691.2,691.42 1 1
github.com/braincreator/flowlink/internal/relay/audit.go:691.42,693.3 1 0
github.com/braincreator/flowlink/internal/relay/audit.go:694.2,694.39 1 1
github.com/braincreator/flowlink/internal/relay/audit.go:694.39,696.3 1 1
github.com/braincreator/flowlink/internal/relay/audit.go:697.2,697.43 1 1
github.com/braincreator/flowlink/internal/relay/audit.go:697.43,699.3 1 0
github.com/braincreator/flowlink/internal/relay/audit.go:700.2,700.45 1 1
github.com/braincreator/flowlink/internal/relay/audit.go:700.45,702.3 1 1
github.com/braincreator/flowlink/internal/relay/audit.go:703.2,703.38 1 1
github.com/braincreator/flowlink/internal/relay/audit.go:703.38,705.3 1 0
github.com/braincreator/flowlink/internal/relay/audit.go:706.2,706.42 1 1
github.com/braincreator/flowlink/internal/relay/audit.go:706.42,708.3 1 1
github.com/braincreator/flowlink/internal/relay/audit.go:709.2,709.37 1 1
github.com/braincreator/flowlink/internal/relay/audit.go:709.37,711.3 1 1
github.com/braincreator/flowlink/internal/relay/audit.go:713.2,713.14 1 1
github.com/braincreator/flowlink/internal/relay/audit.go:717.42,720.27 3 1
github.com/braincreator/flowlink/internal/relay/audit.go:720.27,723.3 2 0
github.com/braincreator/flowlink/internal/relay/audit.go:725.2,726.35 2 1
github.com/braincreator/flowlink/internal/relay/auth.go:75.55,76.19 1 1
github.com/braincreator/flowlink/internal/relay/auth.go:76.19,78.3 1 1
github.com/braincreator/flowlink/internal/relay/auth.go:79.2,93.11 3 1
github.com/braincreator/flowlink/internal/relay/auth.go:97.31,99.2 1 1
github.com/braincreator/flowlink/internal/relay/auth.go:105.99,120.26 5 1
github.com/braincreator/flowlink/internal/relay/auth.go:120.26,122.3 1 1
github.com/braincreator/flowlink/internal/relay/auth.go:125.2,126.19 2 1
github.com/braincreator/flowlink/internal/relay/auth.go:126.19,129.3 2 1
github.com/braincreator/flowlink/internal/relay/auth.go:132.2,133.16 2 1
github.com/braincreator/flowlink/internal/relay/auth.go:133.16,135.3 1 0
github.com/braincreator/flowlink/internal/relay/auth.go:138.2,149.22 6 1
github.com/braincreator/flowlink/internal/relay/auth.go:153.83,159.16 4 1
github.com/braincreator/flowlink/internal/relay/auth.go:159.16,161.3 1 1
github.com/braincreator/flowlink/internal/relay/auth.go:164.2,164.34 1 1
github.com/braincreator/flowlink/internal/relay/auth.go:164.34,166.3 1 0
github.com/braincreator/flowlink/internal/relay/auth.go:169.2,169.31 1 1
github.com/braincreator/flowlink/internal/relay/auth.go:169.31,171.3 1 1
github.com/braincreator/flowlink/internal/relay/auth.go:174.2,174.26 1 1
github.com/braincreator/flowlink/internal/relay/auth.go:174.26,176.3 1 1
github.com/braincreator/flowlink/internal/relay/auth.go:179.2,179.64 1 1
github.com/braincreator/flowlink/internal/relay/auth.go:179.64,181.3 1 0
github.com/braincreator/flowlink/internal/relay/auth.go:184.2,185.19 2 1
github.com/braincreator/flowlink/internal/relay/auth.go:185.19,187.3 1 0
github.com/braincreator/flowlink/internal/relay/auth.go:189.2,189.45 1 1
github.com/braincreator/flowlink/internal/relay/auth.go:189.45,191.3 1 0
github.com/braincreator/flowlink/internal/relay/auth.go:193.2,193.18 1 1
github.com/braincreator/flowlink/internal/relay/auth.go:199.98,214.26 5 1
github.com/braincreator/flowlink/internal/relay/auth.go:214.26,216.3 1 1
github.com/braincreator/flowlink/internal/relay/auth.go:219.2,220.19 2 1
github.com/braincreator/flowlink/internal/relay/auth.go:220.19,223.3 2 1
github.com/braincreator/flowlink/internal/relay/auth.go:226.2,227.16 2 1
github.com/braincreator/flowlink/internal/relay/auth.go:227.16,229.3 1 0
github.com/braincreator/flowlink/internal/relay/auth.go:232.2,243.22 6 1
github.com/braincreator/flowlink/internal/relay/auth.go:247.74,253.16 4 1
github.com/braincreator/flowlink/internal/relay/auth.go:253.16,255.3 1 0
github.com/braincreator/flowlink/internal/relay/auth.go:258.2,258.32 1 1
github.com/braincreator/flowlink/internal/relay/auth.go:258.32,260.3 1 0
github.com/braincreator/flowlink/internal/relay/auth.go:263.2,263.26 1 1
github.com/braincreator/flowlink/internal/relay/auth.go:263.26,265.3 1 1
github.com/braincreator/flowlink/internal/relay/auth.go:268.2,268.64 1 1
github.com/braincreator/flowlink/internal/relay/auth.go:268.64,270.3 1 0
github.com/braincreator/flowlink/internal/relay/auth.go:273.2,274.19 2 1
github.com/braincreator/flowlink/internal/relay/auth.go:274.19,276.3 1 0
github.com/braincreator/flowlink/internal/relay/auth.go:278.2,278.45 1 1
github.com/braincreator/flowlink/internal/relay/auth.go:278.45,280.3 1 0
github.com/braincreator/flowlink/internal/relay/auth.go:282.2,282.28 1 1
github.com/braincreator/flowlink/internal/relay/auth.go:288.93,294.35 4 1
github.com/braincreator/flowlink/internal/relay/auth.go:294.35,296.3 1 1
github.com/braincreator/flowlink/internal/relay/auth.go:299.2,305.57 4 1
github.com/braincreator/flowlink/internal/relay/auth.go:309.59,314.16 4 1
github.com/braincreator/flowlink/internal/relay/auth.go:314.16,316.3 1 0
github.com/braincreator/flowlink/internal/relay/auth.go:318.2,321.12 3 1
github.com/braincreator/flowlink/internal/relay/auth.go:329.79,339.19 7 1
github.com/braincreator/flowlink/internal/relay/auth.go:339.19,342.3 2 1
github.com/braincreator/flowlink/internal/relay/auth.go:345.2,355.16 4 1
github.com/braincreator/flowlink/internal/relay/auth.go:355.16,357.3 1 0
github.com/braincreator/flowlink/internal/relay/auth.go:358.2,372.16 6 1
github.com/braincreator/flowlink/internal/relay/auth.go:372.16,374.3 1 0
github.com/braincreator/flowlink/internal/relay/auth.go:375.2,397.8 8 1
github.com/braincreator/flowlink/internal/relay/auth.go:402.81,405.16 2 1
github.com/braincreator/flowlink/internal/relay/auth.go:405.16,407.3 1 1
github.com/braincreator/flowlink/internal/relay/auth.go:410.2,410.36 1 1
github.com/braincreator/flowlink/internal/relay/auth.go:410.36,412.3 1 1
github.com/braincreator/flowlink/internal/relay/auth.go:414.2,418.59 3 1
github.com/braincreator/flowlink/internal/relay/auth.go:418.59,420.3 1 1
github.com/braincreator/flowlink/internal/relay/auth.go:423.2,423.26 1 1
github.com/braincreator/flowlink/internal/relay/auth.go:423.26,425.3 1 0
github.com/braincreator/flowlink/internal/relay/auth.go:428.2,428.64 1 1
github.com/braincreator/flowlink/internal/relay/auth.go:428.64,430.3 1 1
github.com/braincreator/flowlink/internal/relay/auth.go:433.2,434.19 2 1
github.com/braincreator/flowlink/internal/relay/auth.go:434.19,436.3 1 0
github.com/braincreator/flowlink/internal/relay/auth.go:438.2,438.52 1 1
github.com/braincreator/flowlink/internal/relay/auth.go:438.52,440.3 1 0
github.com/braincreator/flowlink/internal/relay/auth.go:443.2,444.23 2 1
github.com/braincreator/flowlink/internal/relay/auth.go:444.23,447.3 2 1
github.com/braincreator/flowlink/internal/relay/auth.go:448.2,457.16 7 1
github.com/braincreator/flowlink/internal/relay/auth.go:457.16,459.3 1 0
github.com/braincreator/flowlink/internal/relay/auth.go:461.2,467.18 2 1
github.com/braincreator/flowlink/internal/relay/auth.go:471.59,477.2 4 1
github.com/braincreator/flowlink/internal/relay/auth.go:480.62,482.16 2 1
github.com/braincreator/flowlink/internal/relay/auth.go:482.16,484.3 1 1
github.com/braincreator/flowlink/internal/relay/auth.go:486.2,491.17 4 1
github.com/braincreator/flowlink/internal/relay/auth.go:491.17,493.3 1 0
github.com/braincreator/flowlink/internal/relay/auth.go:495.2,498.12 3 1
github.com/braincreator/flowlink/internal/relay/auth.go:502.60,504.2 1 1
github.com/braincreator/flowlink/internal/relay/auth.go:507.62,514.35 5 1
github.com/braincreator/flowlink/internal/relay/auth.go:514.35,515.27 1 1
github.com/braincreator/flowlink/internal/relay/auth.go:515.27,518.66 2 1
github.com/braincreator/flowlink/internal/relay/auth.go:518.66,520.5 1 1
github.com/braincreator/flowlink/internal/relay/auth.go:521.4,521.11 1 1
github.com/braincreator/flowlink/internal/relay/auth.go:526.2,526.52 1 1
github.com/braincreator/flowlink/internal/relay/auth.go:526.52,527.21 1 1
github.com/braincreator/flowlink/internal/relay/auth.go:527.21,528.37 1 1
github.com/braincreator/flowlink/internal/relay/auth.go:528.37,529.28 1 1
github.com/braincreator/flowlink/internal/relay/auth.go:529.28,532.11 3 1
github.com/braincreator/flowlink/internal/relay/auth.go:538.2,540.14 2 1
github.com/braincreator/flowlink/internal/relay/auth.go:545.84,548.16 2 1
github.com/braincreator/flowlink/internal/relay/auth.go:548.16,550.3 1 0
github.com/braincreator/flowlink/internal/relay/auth.go:552.2,556.59 3 1
github.com/braincreator/flowlink/internal/relay/auth.go:556.59,558.3 1 1
github.com/braincreator/flowlink/internal/relay/auth.go:561.2,561.32 1 1
github.com/braincreator/flowlink/internal/relay/auth.go:561.32,563.3 1 1
github.com/braincreator/flowlink/internal/relay/auth.go:566.2,566.26 1 1
github.com/braincreator/flowlink/internal/relay/auth.go:566.26,568.3 1 0
github.com/braincreator/flowlink/internal/relay/auth.go:571.2,571.64 1 1
github.com/braincreator/flowlink/internal/relay/auth.go:571.64,573.3 1 0
github.com/braincreator/flowlink/internal/relay/auth.go:576.2,577.19 2 1
github.com/braincreator/flowlink/internal/relay/auth.go:577.19,579.3 1 0
github.com/braincreator/flowlink/internal/relay/auth.go:581.2,581.45 1 1
github.com/braincreator/flowlink/internal/relay/auth.go:581.45,583.3 1 0
github.com/braincreator/flowlink/internal/relay/auth.go:585.2,585.28 1 1
github.com/braincreator/flowlink/internal/relay/auth.go:589.71,591.2 1 1
github.com/braincreator/flowlink/internal/relay/auth.go:594.43,598.6 3 1
github.com/braincreator/flowlink/internal/relay/auth.go:598.6,599.10 1 1
github.com/braincreator/flowlink/internal/relay/auth.go:600.19,603.46 3 0
github.com/braincreator/flowlink/internal/relay/auth.go:603.46,604.21 1 0
github.com/braincreator/flowlink/internal/relay/auth.go:604.21,606.6 1 0
github.com/braincreator/flowlink/internal/relay/auth.go:608.4,609.50 2 0
github.com/braincreator/flowlink/internal/relay/auth.go:610.25,611.10 1 1
github.com/braincreator/flowlink/internal/relay/auth.go:619.68,621.21 2 1
github.com/braincreator/flowlink/internal/relay/auth.go:621.21,623.3 1 1
github.com/braincreator/flowlink/internal/relay/auth.go:625.2,626.16 2 1
github.com/braincreator/flowlink/internal/relay/auth.go:626.16,628.3 1 0
github.com/braincreator/flowlink/internal/relay/auth.go:630.2,631.58 2 1
github.com/braincreator/flowlink/internal/relay/auth.go:631.58,633.3 1 0
github.com/braincreator/flowlink/internal/relay/auth.go:635.2,635.20 1 1
github.com/braincreator/flowlink/internal/relay/auth.go:639.31,643.2 3 1
github.com/braincreator/flowlink/internal/relay/auth.go:646.30,650.2 3 1
github.com/braincreator/flowlink/internal/relay/auth.go:653.49,657.2 3 1
github.com/braincreator/flowlink/internal/relay/auth.go:660.64,662.21 2 1
github.com/braincreator/flowlink/internal/relay/auth.go:662.21,664.3 1 0
github.com/braincreator/flowlink/internal/relay/auth.go:666.2,667.16 2 1
github.com/braincreator/flowlink/internal/relay/auth.go:667.16,669.3 1 0
github.com/braincreator/flowlink/internal/relay/auth.go:671.2,672.58 2 1
github.com/braincreator/flowlink/internal/relay/auth.go:707.82,708.19 1 1
github.com/braincreator/flowlink/internal/relay/auth.go:708.19,710.3 1 1
github.com/braincreator/flowlink/internal/relay/auth.go:711.2,711.20 1 1
github.com/braincreator/flowlink/internal/relay/auth.go:711.20,713.3 1 1
github.com/braincreator/flowlink/internal/relay/auth.go:714.2,714.21 1 1
github.com/braincreator/flowlink/internal/relay/auth.go:714.21,716.3 1 1
github.com/braincreator/flowlink/internal/relay/auth.go:717.2,722.3 1 1
github.com/braincreator/flowlink/internal/relay/auth.go:727.59,744.43 10 1
github.com/braincreator/flowlink/internal/relay/auth.go:744.43,747.21 2 1
github.com/braincreator/flowlink/internal/relay/auth.go:747.21,749.4 1 0
github.com/braincreator/flowlink/internal/relay/auth.go:750.3,754.27 5 1
github.com/braincreator/flowlink/internal/relay/auth.go:757.2,757.42 1 1
github.com/braincreator/flowlink/internal/relay/auth.go:757.42,760.21 2 1
github.com/braincreator/flowlink/internal/relay/auth.go:760.21,762.4 1 0
github.com/braincreator/flowlink/internal/relay/auth.go:763.3,767.27 5 1
github.com/braincreator/flowlink/internal/relay/auth.go:771.2,778.16 6 1
github.com/braincreator/flowlink/internal/relay/auth.go:782.63,783.44 1 1
github.com/braincreator/flowlink/internal/relay/auth.go:783.44,785.3 1 1
github.com/braincreator/flowlink/internal/relay/auth.go:787.2,793.29 3 1
github.com/braincreator/flowlink/internal/relay/auth.go:797.68,798.49 1 1
github.com/braincreator/flowlink/internal/relay/auth.go:798.49,801.3 2 1
github.com/braincreator/flowlink/internal/relay/auth.go:802.2,802.36 1 1
github.com/braincreator/flowlink/internal/relay/auth.go:806.84,817.2 3 1
github.com/braincreator/flowlink/internal/relay/auth.go:820.59,823.2 2 1
github.com/braincreator/flowlink/internal/relay/auth.go:846.68,865.52 13 1
github.com/braincreator/flowlink/internal/relay/auth.go:865.52,867.3 1 1
github.com/braincreator/flowlink/internal/relay/auth.go:867.8,867.69 1 1
github.com/braincreator/flowlink/internal/relay/auth.go:867.69,869.3 1 1
github.com/braincreator/flowlink/internal/relay/auth.go:871.2,878.3 1 1
github.com/braincreator/flowlink/internal/relay/auth.go:882.58,885.53 2 1
github.com/braincreator/flowlink/internal/relay/auth.go:885.53,889.3 3 1
github.com/braincreator/flowlink/internal/relay/auth.go:891.2,891.14 1 1
github.com/braincreator/flowlink/internal/relay/auth.go:895.50,905.33 5 1
github.com/braincreator/flowlink/internal/relay/auth.go:905.33,906.56 1 1
github.com/braincreator/flowlink/internal/relay/auth.go:906.56,908.4 1 0
github.com/braincreator/flowlink/internal/relay/auth.go:909.3,909.27 1 1
github.com/braincreator/flowlink/internal/relay/auth.go:909.27,910.9 1 0
github.com/braincreator/flowlink/internal/relay/auth.go:914.2,921.3 1 1
github.com/braincreator/flowlink/internal/relay/auth.go:925.37,934.2 6 1
github.com/braincreator/flowlink/internal/relay/auth.go:937.61,946.2 6 1
github.com/braincreator/flowlink/internal/relay/auth.go:949.65,952.32 2 1
github.com/braincreator/flowlink/internal/relay/auth.go:952.32,953.19 1 1
github.com/braincreator/flowlink/internal/relay/auth.go:953.19,955.9 2 1
github.com/braincreator/flowlink/internal/relay/auth.go:957.3,957.29 1 1
github.com/braincreator/flowlink/internal/relay/auth.go:957.29,960.4 1 1
github.com/braincreator/flowlink/internal/relay/auth.go:963.2,963.16 1 1
github.com/braincreator/flowlink/internal/relay/auth.go:963.16,965.3 1 1
github.com/braincreator/flowlink/internal/relay/auth.go:968.2,969.43 2 1
github.com/braincreator/flowlink/internal/relay/auth.go:975.53,976.49 1 1
github.com/braincreator/flowlink/internal/relay/auth.go:976.49,978.3 1 0
github.com/braincreator/flowlink/internal/relay/auth.go:979.2,979.20 1 1
github.com/braincreator/flowlink/internal/relay/auth.go:983.67,985.2 1 0
github.com/braincreator/flowlink/internal/relay/auth.go:988.41,992.2 3 1
github.com/braincreator/flowlink/internal/relay/auth.go:995.45,999.2 3 1
github.com/braincreator/flowlink/internal/relay/events.go:51.49,52.19 1 1
github.com/braincreator/flowlink/internal/relay/events.go:52.19,54.3 1 0
github.com/braincreator/flowlink/internal/relay/events.go:55.2,58.3 1 1
github.com/braincreator/flowlink/internal/relay/events.go:63.42,64.20 1 1
github.com/braincreator/flowlink/internal/relay/events.go:64.20,66.3 1 1
github.com/braincreator/flowlink/internal/relay/events.go:67.2,67.30 1 1
github.com/braincreator/flowlink/internal/relay/events.go:67.30,69.3 1 1
github.com/braincreator/flowlink/internal/relay/events.go:71.2,74.15 3 1
github.com/braincreator/flowlink/internal/relay/events.go:74.15,76.3 1 1
github.com/braincreator/flowlink/internal/relay/events.go:78.2,78.33 1 1
github.com/braincreator/flowlink/internal/relay/events.go:78.33,79.10 1 1
github.com/braincreator/flowlink/internal/relay/events.go:80.20,80.20 0 1
github.com/braincreator/flowlink/internal/relay/events.go:81.11,84.52 1 1
github.com/braincreator/flowlink/internal/relay/events.go:90.44,96.2 5 1
github.com/braincreator/flowlink/internal/relay/events.go:99.48,103.2 3 1
github.com/braincreator/flowlink/internal/relay/events.go:106.29,110.33 4 1
github.com/braincreator/flowlink/internal/relay/events.go:110.33,112.3 1 1
github.com/braincreator/flowlink/internal/relay/events.go:113.2,113.48 1 1
github.com/braincreator/flowlink/internal/relay/events.go:117.43,121.2 3 1
github.com/braincreator/flowlink/internal/relay/events.go:124.53,127.2 2 0
github.com/braincreator/flowlink/internal/relay/llm_proxy.go:35.51,39.35 3 1
github.com/braincreator/flowlink/internal/relay/llm_proxy.go:39.35,40.40 1 1
github.com/braincreator/flowlink/internal/relay/llm_proxy.go:40.40,41.47 1 1
github.com/braincreator/flowlink/internal/relay/llm_proxy.go:41.47,43.5 1 1
github.com/braincreator/flowlink/internal/relay/llm_proxy.go:47.2,51.3 1 1
github.com/braincreator/flowlink/internal/relay/llm_proxy.go:55.118,58.37 2 1
github.com/braincreator/flowlink/internal/relay/llm_proxy.go:58.37,60.17 2 1
github.com/braincreator/flowlink/internal/relay/llm_proxy.go:60.17,67.12 3 1
github.com/braincreator/flowlink/internal/relay/llm_proxy.go:70.3,71.19 2 1
github.com/braincreator/flowlink/internal/relay/llm_proxy.go:74.2,74.73 1 0
github.com/braincreator/flowlink/internal/relay/llm_proxy.go:78.145,81.50 2 1
github.com/braincreator/flowlink/internal/relay/llm_proxy.go:81.50,82.35 1 1
github.com/braincreator/flowlink/internal/relay/llm_proxy.go:82.35,84.4 1 1
github.com/braincreator/flowlink/internal/relay/llm_proxy.go:85.3,85.28 1 1
github.com/braincreator/flowlink/internal/relay/llm_proxy.go:88.2,93.17 2 1
github.com/braincreator/flowlink/internal/relay/llm_proxy.go:93.17,95.3 1 1
github.com/braincreator/flowlink/internal/relay/llm_proxy.go:95.8,95.41 1 1
github.com/braincreator/flowlink/internal/relay/llm_proxy.go:95.41,97.3 1 0
github.com/braincreator/flowlink/internal/relay/llm_proxy.go:97.8,99.3 1 1
github.com/braincreator/flowlink/internal/relay/llm_proxy.go:101.2,102.16 2 1
github.com/braincreator/flowlink/internal/relay/llm_proxy.go:102.16,104.3 1 0
github.com/braincreator/flowlink/internal/relay/llm_proxy.go:106.2,109.16 3 1
github.com/braincreator/flowlink/internal/relay/llm_proxy.go:109.16,111.3 1 0
github.com/braincreator/flowlink/internal/relay/llm_proxy.go:113.2,114.26 2 1
github.com/braincreator/flowlink/internal/relay/llm_proxy.go:114.26,116.3 1 0
github.com/braincreator/flowlink/internal/relay/llm_proxy.go:118.2,119.16 2 1
github.com/braincreator/flowlink/internal/relay/llm_proxy.go:119.16,121.3 1 1
github.com/braincreator/flowlink/internal/relay/llm_proxy.go:122.2,125.16 3 1
github.com/braincreator/flowlink/internal/relay/llm_proxy.go:125.16,127.3 1 0
github.com/braincreator/flowlink/internal/relay/llm_proxy.go:129.2,129.28 1 1
github.com/braincreator/flowlink/internal/relay/llm_proxy.go:129.28,131.3 1 0
github.com/braincreator/flowlink/internal/relay/llm_proxy.go:134.2,149.60 2 1
github.com/braincreator/flowlink/internal/relay/llm_proxy.go:149.60,151.3 1 0
github.com/braincreator/flowlink/internal/relay/llm_proxy.go:153.2,153.32 1 1
github.com/braincreator/flowlink/internal/relay/llm_proxy.go:153.32,155.3 1 0
github.com/braincreator/flowlink/internal/relay/llm_proxy.go:157.2,166.8 2 1
github.com/braincreator/flowlink/internal/relay/llm_proxy.go:170.55,177.35 5 0
github.com/braincreator/flowlink/internal/relay/llm_proxy.go:177.35,178.40 1 0
github.com/braincreator/flowlink/internal/relay/llm_proxy.go:178.40,179.47 1 0
github.com/braincreator/flowlink/internal/relay/llm_proxy.go:179.47,181.5 1 0
github.com/braincreator/flowlink/internal/relay/llm_proxy.go:185.2,185.21 1 0
github.com/braincreator/flowlink/internal/relay/llm_proxy.go:189.52,194.31 4 1
github.com/braincreator/flowlink/internal/relay/llm_proxy.go:194.31,201.3 1 1
github.com/braincreator/flowlink/internal/relay/llm_proxy.go:202.2,202.15 1 1
github.com/braincreator/flowlink/internal/relay/llm_proxy.go:206.52,211.31 4 0
github.com/braincreator/flowlink/internal/relay/llm_proxy.go:211.31,214.17 3 0
github.com/braincreator/flowlink/internal/relay/llm_proxy.go:214.17,216.4 1 0
github.com/braincreator/flowlink/internal/relay/llm_proxy.go:216.9,219.4 2 0
github.com/braincreator/flowlink/internal/relay/llm_proxy.go:221.2,221.16 1 0
github.com/braincreator/flowlink/internal/relay/llm_proxy.go:246.73,255.64 2 1
github.com/braincreator/flowlink/internal/relay/llm_proxy.go:255.64,258.3 2 0
github.com/braincreator/flowlink/internal/relay/llm_proxy.go:260.2,260.23 1 1
github.com/braincreator/flowlink/internal/relay/llm_proxy.go:260.23,263.3 2 1
github.com/braincreator/flowlink/internal/relay/llm_proxy.go:265.2,265.25 1 0
github.com/braincreator/flowlink/internal/relay/llm_proxy.go:265.25,267.3 1 0
github.com/braincreator/flowlink/internal/relay/llm_proxy.go:268.2,268.27 1 0
github.com/braincreator/flowlink/internal/relay/llm_proxy.go:268.27,270.3 1 0
github.com/braincreator/flowlink/internal/relay/llm_proxy.go:272.2,273.16 2 0
github.com/braincreator/flowlink/internal/relay/llm_proxy.go:273.16,276.3 2 0
github.com/braincreator/flowlink/internal/relay/llm_proxy.go:278.2,278.20 1 0
github.com/braincreator/flowlink/internal/relay/llm_proxy.go:282.77,283.23 1 1
github.com/braincreator/flowlink/internal/relay/llm_proxy.go:283.23,286.3 2 1
github.com/braincreator/flowlink/internal/relay/llm_proxy.go:287.2,287.69 1 0
github.com/braincreator/flowlink/internal/relay/llm_proxy.go:291.75,292.23 1 1
github.com/braincreator/flowlink/internal/relay/llm_proxy.go:292.23,295.3 2 1
github.com/braincreator/flowlink/internal/relay/llm_proxy.go:296.2,296.66 1 0
github.com/braincreator/flowlink/internal/relay/llm_proxy.go:301.79,302.23 1 0
github.com/braincreator/flowlink/internal/relay/llm_proxy.go:302.23,310.3 4 0
github.com/braincreator/flowlink/internal/relay/llm_proxy.go:313.2,322.63 3 0
github.com/braincreator/flowlink/internal/relay/llm_proxy.go:322.63,330.3 4 0
github.com/braincreator/flowlink/internal/relay/llm_proxy.go:332.2,332.28 1 0
github.com/braincreator/flowlink/internal/relay/llm_proxy.go:332.28,334.3 1 0
github.com/braincreator/flowlink/internal/relay/llm_proxy.go:335.2,335.30 1 0
github.com/braincreator/flowlink/internal/relay/llm_proxy.go:335.30,337.3 1 0
github.com/braincreator/flowlink/internal/relay/llm_proxy.go:340.2,341.16 2 0
github.com/braincreator/flowlink/internal/relay/llm_proxy.go:341.16,349.3 4 0
github.com/braincreator/flowlink/internal/relay/llm_proxy.go:352.2,363.28 3 0
github.com/braincreator/flowlink/internal/relay/llm_proxy.go:366.47,367.22 1 0
github.com/braincreator/flowlink/internal/relay/llm_proxy.go:367.22,369.3 1 0
github.com/braincreator/flowlink/internal/relay/llm_proxy.go:370.2,370.27 1 0
github.com/braincreator/flowlink/internal/relay/mcp_server.go:48.27,210.2 1 1
github.com/braincreator/flowlink/internal/relay/mcp_server.go:215.76,217.2 1 0
github.com/braincreator/flowlink/internal/relay/mcp_server.go:222.69,224.26 1 1
github.com/braincreator/flowlink/internal/relay/mcp_server.go:224.26,226.18 2 1
github.com/braincreator/flowlink/internal/relay/mcp_server.go:226.18,228.4 1 1
github.com/braincreator/flowlink/internal/relay/mcp_server.go:229.3,229.67 1 1
github.com/braincreator/flowlink/internal/relay/mcp_server.go:229.67,232.4 2 1
github.com/braincreator/flowlink/internal/relay/mcp_server.go:235.2,235.20 1 1
github.com/braincreator/flowlink/internal/relay/mcp_server.go:236.22,242.10 5 0
github.com/braincreator/flowlink/internal/relay/mcp_server.go:242.10,245.4 2 0
github.com/braincreator/flowlink/internal/relay/mcp_server.go:247.3,249.7 3 0
github.com/braincreator/flowlink/internal/relay/mcp_server.go:249.7,250.11 1 0
github.com/braincreator/flowlink/internal/relay/mcp_server.go:251.32,252.11 1 0
github.com/braincreator/flowlink/internal/relay/mcp_server.go:253.20,255.20 2 0
github.com/braincreator/flowlink/internal/relay/mcp_server.go:259.23,260.29 1 1
github.com/braincreator/flowlink/internal/relay/mcp_server.go:262.26,266.31 4 1
github.com/braincreator/flowlink/internal/relay/mcp_server.go:268.10,269.67 1 0
github.com/braincreator/flowlink/internal/relay/mcp_server.go:274.76,279.66 4 1
github.com/braincreator/flowlink/internal/relay/mcp_server.go:279.66,282.3 2 1
github.com/braincreator/flowlink/internal/relay/mcp_server.go:284.2,286.23 2 1
github.com/braincreator/flowlink/internal/relay/mcp_server.go:287.20,297.5 1 1
github.com/braincreator/flowlink/internal/relay/mcp_server.go:299.35,301.38 1 1
github.com/braincreator/flowlink/internal/relay/mcp_server.go:303.20,305.63 2 1
github.com/braincreator/flowlink/internal/relay/mcp_server.go:307.20,308.29 1 1
github.com/braincreator/flowlink/internal/relay/mcp_server.go:310.10,311.74 1 1
github.com/braincreator/flowlink/internal/relay/mcp_server.go:316.73,319.9 2 1
github.com/braincreator/flowlink/internal/relay/mcp_server.go:319.9,322.3 2 1
github.com/braincreator/flowlink/internal/relay/mcp_server.go:324.2,327.14 3 1
github.com/braincreator/flowlink/internal/relay/mcp_server.go:328.25,329.34 1 1
github.com/braincreator/flowlink/internal/relay/mcp_server.go:330.23,331.32 1 1
github.com/braincreator/flowlink/internal/relay/mcp_server.go:332.23,333.32 1 0
github.com/braincreator/flowlink/internal/relay/mcp_server.go:334.24,335.33 1 0
github.com/braincreator/flowlink/internal/relay/mcp_server.go:336.23,337.32 1 0
github.com/braincreator/flowlink/internal/relay/mcp_server.go:338.26,339.35 1 0
github.com/braincreator/flowlink/internal/relay/mcp_server.go:340.23,341.32 1 0
github.com/braincreator/flowlink/internal/relay/mcp_server.go:342.30,343.38 1 0
github.com/braincreator/flowlink/internal/relay/mcp_server.go:344.10,345.61 1 1
github.com/braincreator/flowlink/internal/relay/mcp_server.go:352.79,355.28 3 1
github.com/braincreator/flowlink/internal/relay/mcp_server.go:355.28,367.3 2 1
github.com/braincreator/flowlink/internal/relay/mcp_server.go:369.2,369.22 1 1
github.com/braincreator/flowlink/internal/relay/mcp_server.go:369.22,377.3 2 1
github.com/braincreator/flowlink/internal/relay/mcp_server.go:379.2,381.27 3 1
github.com/braincreator/flowlink/internal/relay/mcp_server.go:381.27,383.27 2 1
github.com/braincreator/flowlink/internal/relay/mcp_server.go:383.27,385.4 1 0
github.com/braincreator/flowlink/internal/relay/mcp_server.go:386.3,387.72 1 1
github.com/braincreator/flowlink/internal/relay/mcp_server.go:390.2,395.4 1 1
github.com/braincreator/flowlink/internal/relay/mcp_server.go:399.77,401.26 2 1
github.com/braincreator/flowlink/internal/relay/mcp_server.go:401.26,404.3 2 1
github.com/braincreator/flowlink/internal/relay/mcp_server.go:405.2,406.26 2 1
github.com/braincreator/flowlink/internal/relay/mcp_server.go:406.26,409.3 2 0
github.com/braincreator/flowlink/internal/relay/mcp_server.go:410.2,411.44 2 1
github.com/braincreator/flowlink/internal/relay/mcp_server.go:411.44,413.3 1 0
github.com/braincreator/flowlink/internal/relay/mcp_server.go:414.2,418.16 3 1
github.com/braincreator/flowlink/internal/relay/mcp_server.go:418.16,421.3 2 1
github.com/braincreator/flowlink/internal/relay/mcp_server.go:424.2,429.16 2 0
github.com/braincreator/flowlink/internal/relay/mcp_server.go:429.16,432.3 2 0
github.com/braincreator/flowlink/internal/relay/mcp_server.go:434.2,440.4 2 0
github.com/braincreator/flowlink/internal/relay/mcp_server.go:444.77,446.26 2 0
github.com/braincreator/flowlink/internal/relay/mcp_server.go:446.26,449.3 2 0
github.com/braincreator/flowlink/internal/relay/mcp_server.go:450.2,451.23 2 0
github.com/braincreator/flowlink/internal/relay/mcp_server.go:451.23,454.3 2 0
github.com/braincreator/flowlink/internal/relay/mcp_server.go:456.2,457.16 2 0
github.com/braincreator/flowlink/internal/relay/mcp_server.go:457.16,460.3 2 0
github.com/braincreator/flowlink/internal/relay/mcp_server.go:462.2,465.16 2 0
github.com/braincreator/flowlink/internal/relay/mcp_server.go:465.16,468.3 2 0
github.com/braincreator/flowlink/internal/relay/mcp_server.go:470.2,475.4 1 0
github.com/braincreator/flowlink/internal/relay/mcp_server.go:479.78,481.26 2 0
github.com/braincreator/flowlink/internal/relay/mcp_server.go:481.26,484.3 2 0
github.com/braincreator/flowlink/internal/relay/mcp_server.go:485.2,486.23 2 0
github.com/braincreator/flowlink/internal/relay/mcp_server.go:486.23,489.3 2 0
github.com/braincreator/flowlink/internal/relay/mcp_server.go:490.2,493.16 3 0
github.com/braincreator/flowlink/internal/relay/mcp_server.go:493.16,496.3 2 0
github.com/braincreator/flowlink/internal/relay/mcp_server.go:498.2,503.16 2 0
github.com/braincreator/flowlink/internal/relay/mcp_server.go:503.16,506.3 2 0
github.com/braincreator/flowlink/internal/relay/mcp_server.go:508.2,513.4 1 0
github.com/braincreator/flowlink/internal/relay/mcp_server.go:517.77,519.26 2 0
github.com/braincreator/flowlink/internal/relay/mcp_server.go:519.26,522.3 2 0
github.com/braincreator/flowlink/internal/relay/mcp_server.go:523.2,524.23 2 0
github.com/braincreator/flowlink/internal/relay/mcp_server.go:524.23,527.3 2 0
github.com/braincreator/flowlink/internal/relay/mcp_server.go:529.2,530.16 2 0
github.com/braincreator/flowlink/internal/relay/mcp_server.go:530.16,533.3 2 0
github.com/braincreator/flowlink/internal/relay/mcp_server.go:535.2,538.16 2 0
github.com/braincreator/flowlink/internal/relay/mcp_server.go:538.16,541.3 2 0
github.com/braincreator/flowlink/internal/relay/mcp_server.go:543.2,548.4 1 0
github.com/braincreator/flowlink/internal/relay/mcp_server.go:552.80,554.26 2 0
github.com/braincreator/flowlink/internal/relay/mcp_server.go:554.26,557.3 2 0
github.com/braincreator/flowlink/internal/relay/mcp_server.go:559.2,560.16 2 0
github.com/braincreator/flowlink/internal/relay/mcp_server.go:560.16,563.3 2 0
github.com/braincreator/flowlink/internal/relay/mcp_server.go:565.2,566.16 2 0
github.com/braincreator/flowlink/internal/relay/mcp_server.go:566.16,569.3 2 0
github.com/braincreator/flowlink/internal/relay/mcp_server.go:571.2,576.4 1 0
github.com/braincreator/flowlink/internal/relay/mcp_server.go:580.77,582.26 2 0
github.com/braincreator/flowlink/internal/relay/mcp_server.go:582.26,585.3 2 0
github.com/braincreator/flowlink/internal/relay/mcp_server.go:586.2,587.30 2 0
github.com/braincreator/flowlink/internal/relay/mcp_server.go:587.30,590.3 2 0
github.com/braincreator/flowlink/internal/relay/mcp_server.go:591.2,593.47 3 0
github.com/braincreator/flowlink/internal/relay/mcp_server.go:593.47,595.3 1 0
github.com/braincreator/flowlink/internal/relay/mcp_server.go:597.2,598.16 2 0
github.com/braincreator/flowlink/internal/relay/mcp_server.go:598.16,601.3 2 0
github.com/braincreator/flowlink/internal/relay/mcp_server.go:603.2,621.4 5 0
github.com/braincreator/flowlink/internal/relay/mcp_server.go:625.83,627.26 2 0
github.com/braincreator/flowlink/internal/relay/mcp_server.go:627.26,630.3 2 0
github.com/braincreator/flowlink/internal/relay/mcp_server.go:631.2,632.25 2 0
github.com/braincreator/flowlink/internal/relay/mcp_server.go:632.25,635.3 2 0
github.com/braincreator/flowlink/internal/relay/mcp_server.go:637.2,638.16 2 0
github.com/braincreator/flowlink/internal/relay/mcp_server.go:638.16,641.3 2 0
github.com/braincreator/flowlink/internal/relay/mcp_server.go:643.2,646.16 2 0
github.com/braincreator/flowlink/internal/relay/mcp_server.go:646.16,649.3 2 0
github.com/braincreator/flowlink/internal/relay/mcp_server.go:651.2,656.4 1 0
github.com/braincreator/flowlink/internal/relay/mcp_server.go:662.67,664.40 1 1
github.com/braincreator/flowlink/internal/relay/mcp_server.go:664.40,666.3 1 0
github.com/braincreator/flowlink/internal/relay/mcp_server.go:669.2,670.28 2 1
github.com/braincreator/flowlink/internal/relay/mcp_server.go:670.28,671.30 1 0
github.com/braincreator/flowlink/internal/relay/mcp_server.go:671.30,673.4 1 0
github.com/braincreator/flowlink/internal/relay/mcp_server.go:676.2,676.80 1 1
github.com/braincreator/flowlink/internal/relay/mcp_server.go:680.111,686.47 4 0
github.com/braincreator/flowlink/internal/relay/mcp_server.go:686.47,688.3 1 0
github.com/braincreator/flowlink/internal/relay/mcp_server.go:691.2,692.48 2 0
github.com/braincreator/flowlink/internal/relay/mcp_server.go:692.48,694.3 1 0
github.com/braincreator/flowlink/internal/relay/mcp_server.go:695.2,701.9 3 0
github.com/braincreator/flowlink/internal/relay/mcp_server.go:702.24,703.41 1 0
github.com/braincreator/flowlink/internal/relay/mcp_server.go:703.41,704.61 1 0
github.com/braincreator/flowlink/internal/relay/mcp_server.go:704.61,706.5 1 0
github.com/braincreator/flowlink/internal/relay/mcp_server.go:708.4,709.25 2 0
github.com/braincreator/flowlink/internal/relay/mcp_server.go:711.3,711.33 1 0
github.com/braincreator/flowlink/internal/relay/mcp_server.go:711.33,713.4 1 0
github.com/braincreator/flowlink/internal/relay/mcp_server.go:714.3,715.24 2 0
github.com/braincreator/flowlink/internal/relay/mcp_server.go:717.29,718.60 1 0
github.com/braincreator/flowlink/internal/relay/mcp_server.go:723.40,724.40 1 0
github.com/braincreator/flowlink/internal/relay/mcp_server.go:724.40,726.61 2 0
github.com/braincreator/flowlink/internal/relay/mcp_server.go:726.61,728.4 1 0
github.com/braincreator/flowlink/internal/relay/mcp_server.go:729.3,729.61 1 0
github.com/braincreator/flowlink/internal/relay/mcp_server.go:729.61,730.20 1 0
github.com/braincreator/flowlink/internal/relay/mcp_server.go:730.20,732.5 1 0
github.com/braincreator/flowlink/internal/relay/mcp_server.go:733.4,734.26 2 0
github.com/braincreator/flowlink/internal/relay/mcp_server.go:736.3,736.60 1 0
github.com/braincreator/flowlink/internal/relay/mcp_server.go:736.60,738.4 1 0
github.com/braincreator/flowlink/internal/relay/mcp_server.go:738.9,740.4 1 0
github.com/braincreator/flowlink/internal/relay/mcp_server.go:741.3,741.48 1 0
github.com/braincreator/flowlink/internal/relay/mcp_server.go:741.48,743.4 1 0
github.com/braincreator/flowlink/internal/relay/mcp_server.go:744.3,744.21 1 0
github.com/braincreator/flowlink/internal/relay/mcp_server.go:746.2,747.18 2 0
github.com/braincreator/flowlink/internal/relay/mcp_server.go:751.64,757.2 1 1
github.com/braincreator/flowlink/internal/relay/mcp_server.go:760.77,766.2 1 1
github.com/braincreator/flowlink/internal/relay/mcp_server.go:771.71,774.25 3 0
github.com/braincreator/flowlink/internal/relay/mcp_server.go:774.25,776.3 1 0
github.com/braincreator/flowlink/internal/relay/mcp_server.go:777.2,777.30 1 0
github.com/braincreator/flowlink/internal/relay/mcp_server.go:781.55,785.2 3 0
github.com/braincreator/flowlink/internal/relay/mcp_server.go:788.71,791.8 3 1
github.com/braincreator/flowlink/internal/relay/mcp_server.go:791.8,796.3 4 1
github.com/braincreator/flowlink/internal/relay/mcp_server.go:797.2,798.14 2 1
github.com/braincreator/flowlink/internal/relay/mcp_server.go:802.50,808.2 1 0
github.com/braincreator/flowlink/internal/relay/middleware.go:22.50,23.46 1 1
github.com/braincreator/flowlink/internal/relay/middleware.go:23.46,24.46 1 1
github.com/braincreator/flowlink/internal/relay/middleware.go:24.46,26.4 1 1
github.com/braincreator/flowlink/internal/relay/middleware.go:27.3,27.14 1 1
github.com/braincreator/flowlink/internal/relay/middleware.go:42.58,43.23 1 1
github.com/braincreator/flowlink/internal/relay/middleware.go:43.23,45.3 1 0
github.com/braincreator/flowlink/internal/relay/middleware.go:48.2,49.37 2 1
github.com/braincreator/flowlink/internal/relay/middleware.go:49.37,51.3 1 1
github.com/braincreator/flowlink/internal/relay/middleware.go:54.2,59.46 2 1
github.com/braincreator/flowlink/internal/relay/middleware.go:59.46,60.72 1 1
github.com/braincreator/flowlink/internal/relay/middleware.go:60.72,63.27 2 1
github.com/braincreator/flowlink/internal/relay/middleware.go:63.27,64.60 1 1
github.com/braincreator/flowlink/internal/relay/middleware.go:64.60,66.11 2 1
github.com/braincreator/flowlink/internal/relay/middleware.go:69.4,69.12 1 1
github.com/braincreator/flowlink/internal/relay/middleware.go:69.12,72.5 2 1
github.com/braincreator/flowlink/internal/relay/middleware.go:75.4,75.29 1 1
github.com/braincreator/flowlink/internal/relay/middleware.go:75.29,78.5 2 0
github.com/braincreator/flowlink/internal/relay/middleware.go:81.4,81.55 1 1
github.com/braincreator/flowlink/internal/relay/middleware.go:81.55,84.5 2 1
github.com/braincreator/flowlink/internal/relay/middleware.go:87.3,89.19 3 1
github.com/braincreator/flowlink/internal/relay/middleware.go:89.19,91.5 1 1
github.com/braincreator/flowlink/internal/relay/middleware.go:92.4,92.19 1 1
github.com/braincreator/flowlink/internal/relay/middleware.go:92.19,95.5 2 1
github.com/braincreator/flowlink/internal/relay/middleware.go:98.4,98.43 1 1
github.com/braincreator/flowlink/internal/relay/middleware.go:98.43,100.5 1 1
github.com/braincreator/flowlink/internal/relay/middleware.go:103.4,104.36 2 1
github.com/braincreator/flowlink/internal/relay/middleware.go:104.36,108.5 3 0
github.com/braincreator/flowlink/internal/relay/middleware.go:108.10,110.5 1 1
github.com/braincreator/flowlink/internal/relay/middleware.go:113.4,113.30 1 1
github.com/braincreator/flowlink/internal/relay/middleware.go:113.30,116.19 2 1
github.com/braincreator/flowlink/internal/relay/middleware.go:116.19,121.6 3 1
github.com/braincreator/flowlink/internal/relay/middleware.go:124.5,124.87 1 0
github.com/braincreator/flowlink/internal/relay/middleware.go:124.87,126.27 2 0
github.com/braincreator/flowlink/internal/relay/middleware.go:126.27,136.7 6 0
github.com/braincreator/flowlink/internal/relay/middleware.go:137.6,137.75 1 0
github.com/braincreator/flowlink/internal/relay/middleware.go:141.5,141.129 1 0
github.com/braincreator/flowlink/internal/relay/middleware.go:141.129,143.6 1 0
github.com/braincreator/flowlink/internal/relay/middleware.go:147.4,147.63 1 1
github.com/braincreator/flowlink/internal/relay/middleware.go:147.63,151.5 3 1
github.com/braincreator/flowlink/internal/relay/middleware.go:154.4,154.73 1 1
github.com/braincreator/flowlink/internal/relay/middleware.go:160.55,162.21 2 1
github.com/braincreator/flowlink/internal/relay/middleware.go:162.21,164.3 1 1
github.com/braincreator/flowlink/internal/relay/middleware.go:166.2,167.16 2 1
github.com/braincreator/flowlink/internal/relay/middleware.go:167.16,169.3 1 0
github.com/braincreator/flowlink/internal/relay/middleware.go:171.2,174.58 2 1
github.com/braincreator/flowlink/internal/relay/middleware.go:174.58,176.3 1 0
github.com/braincreator/flowlink/internal/relay/middleware.go:178.2,178.23 1 1
github.com/braincreator/flowlink/internal/relay/middleware.go:184.80,185.19 1 1
github.com/braincreator/flowlink/internal/relay/middleware.go:185.19,187.3 1 0
github.com/braincreator/flowlink/internal/relay/middleware.go:189.2,189.46 1 1
github.com/braincreator/flowlink/internal/relay/middleware.go:189.46,190.72 1 1
github.com/braincreator/flowlink/internal/relay/middleware.go:190.72,191.22 1 1
github.com/braincreator/flowlink/internal/relay/middleware.go:191.22,194.5 2 1
github.com/braincreator/flowlink/internal/relay/middleware.go:197.4,201.16 3 1
github.com/braincreator/flowlink/internal/relay/middleware.go:201.16,206.5 4 1
github.com/braincreator/flowlink/internal/relay/middleware.go:208.4,208.24 1 1
github.com/braincreator/flowlink/internal/relay/middleware.go:216.78,217.19 1 1
github.com/braincreator/flowlink/internal/relay/middleware.go:217.19,219.3 1 0
github.com/braincreator/flowlink/internal/relay/middleware.go:222.2,224.40 3 1
github.com/braincreator/flowlink/internal/relay/middleware.go:224.40,226.3 1 1
github.com/braincreator/flowlink/internal/relay/middleware.go:228.2,228.46 1 1
github.com/braincreator/flowlink/internal/relay/middleware.go:228.46,229.72 1 1
github.com/braincreator/flowlink/internal/relay/middleware.go:229.72,231.20 2 1
github.com/braincreator/flowlink/internal/relay/middleware.go:231.20,234.5 2 0
github.com/braincreator/flowlink/internal/relay/middleware.go:237.4,238.16 2 1
github.com/braincreator/flowlink/internal/relay/middleware.go:238.16,242.5 3 1
github.com/braincreator/flowlink/internal/relay/middleware.go:245.4,252.38 6 1
github.com/braincreator/flowlink/internal/relay/middleware.go:252.38,255.5 2 1
github.com/braincreator/flowlink/internal/relay/middleware.go:257.4,257.24 1 1
github.com/braincreator/flowlink/internal/relay/middleware.go:265.62,266.19 1 1
github.com/braincreator/flowlink/internal/relay/middleware.go:266.19,268.3 1 0
github.com/braincreator/flowlink/internal/relay/middleware.go:270.2,270.46 1 1
github.com/braincreator/flowlink/internal/relay/middleware.go:270.46,271.72 1 1
github.com/braincreator/flowlink/internal/relay/middleware.go:271.72,285.93 6 1
github.com/braincreator/flowlink/internal/relay/middleware.go:285.93,295.5 1 1
github.com/braincreator/flowlink/internal/relay/middleware.go:298.4,298.24 1 1
github.com/braincreator/flowlink/internal/relay/middleware.go:298.24,305.5 1 0
github.com/braincreator/flowlink/internal/relay/middleware.go:316.51,319.2 2 1
github.com/braincreator/flowlink/internal/relay/middleware.go:322.35,323.51 1 0
github.com/braincreator/flowlink/internal/relay/middleware.go:323.51,325.3 1 0
github.com/braincreator/flowlink/internal/relay/middleware.go:329.73,330.52 1 0
github.com/braincreator/flowlink/internal/relay/middleware.go:330.52,332.3 1 0
github.com/braincreator/flowlink/internal/relay/middleware.go:333.2,333.39 1 0
github.com/braincreator/flowlink/internal/relay/middleware.go:339.57,340.19 1 1
github.com/braincreator/flowlink/internal/relay/middleware.go:340.19,342.3 1 0
github.com/braincreator/flowlink/internal/relay/middleware.go:344.2,344.46 1 1
github.com/braincreator/flowlink/internal/relay/middleware.go:344.46,345.72 1 1
github.com/braincreator/flowlink/internal/relay/middleware.go:345.72,346.17 1 1
github.com/braincreator/flowlink/internal/relay/middleware.go:346.17,347.37 1 1
github.com/braincreator/flowlink/internal/relay/middleware.go:347.37,356.6 2 1
github.com/braincreator/flowlink/internal/relay/middleware.go:359.4,359.24 1 1
github.com/braincreator/flowlink/internal/relay/middleware.go:367.74,374.2 3 1
github.com/braincreator/flowlink/internal/relay/registry.go:63.65,64.19 1 1
github.com/braincreator/flowlink/internal/relay/registry.go:64.19,66.3 1 1
github.com/braincreator/flowlink/internal/relay/registry.go:69.2,80.35 3 1
github.com/braincreator/flowlink/internal/relay/registry.go:80.35,82.3 1 0
github.com/braincreator/flowlink/internal/relay/registry.go:84.2,84.12 1 1
github.com/braincreator/flowlink/internal/relay/registry.go:90.76,96.14 4 1
github.com/braincreator/flowlink/internal/relay/registry.go:97.18,98.17 1 0
github.com/braincreator/flowlink/internal/relay/registry.go:99.20,100.18 1 0
github.com/braincreator/flowlink/internal/relay/registry.go:104.2,105.16 2 1
github.com/braincreator/flowlink/internal/relay/registry.go:105.16,107.3 1 0
github.com/braincreator/flowlink/internal/relay/registry.go:109.2,123.63 3 1
github.com/braincreator/flowlink/internal/relay/registry.go:123.63,125.3 1 0
github.com/braincreator/flowlink/internal/relay/registry.go:127.2,128.20 2 1
github.com/braincreator/flowlink/internal/relay/registry.go:132.57,137.2 4 1
github.com/braincreator/flowlink/internal/relay/registry.go:140.70,143.30 3 1
github.com/braincreator/flowlink/internal/relay/registry.go:143.30,144.40 1 1
github.com/braincreator/flowlink/internal/relay/registry.go:144.40,146.4 1 1
github.com/braincreator/flowlink/internal/relay/registry.go:148.2,148.19 1 1
github.com/braincreator/flowlink/internal/relay/registry.go:152.44,156.30 4 1
github.com/braincreator/flowlink/internal/relay/registry.go:156.30,158.3 1 1
github.com/braincreator/flowlink/internal/relay/registry.go:159.2,159.15 1 1
github.com/braincreator/flowlink/internal/relay/registry.go:163.54,168.9 4 1
github.com/braincreator/flowlink/internal/relay/registry.go:168.9,170.3 1 0
github.com/braincreator/flowlink/internal/relay/registry.go:172.2,175.58 2 1
github.com/braincreator/flowlink/internal/relay/registry.go:175.58,177.3 1 0
github.com/braincreator/flowlink/internal/relay/registry.go:179.2,180.12 2 1
github.com/braincreator/flowlink/internal/relay/registry.go:186.118,192.29 4 1
github.com/braincreator/flowlink/internal/relay/registry.go:192.29,194.3 1 1
github.com/braincreator/flowlink/internal/relay/registry.go:197.2,198.38 2 1
github.com/braincreator/flowlink/internal/relay/registry.go:198.38,200.3 1 1
github.com/braincreator/flowlink/internal/relay/registry.go:203.2,204.16 2 1
github.com/braincreator/flowlink/internal/relay/registry.go:204.16,206.3 1 0
github.com/braincreator/flowlink/internal/relay/registry.go:208.2,226.61 5 1
github.com/braincreator/flowlink/internal/relay/registry.go:226.61,228.3 1 0
github.com/braincreator/flowlink/internal/relay/registry.go:230.2,231.19 2 1
github.com/braincreator/flowlink/internal/relay/registry.go:235.67,240.2 4 1
github.com/braincreator/flowlink/internal/relay/registry.go:243.77,246.29 3 1
github.com/braincreator/flowlink/internal/relay/registry.go:246.29,247.23 1 1
github.com/braincreator/flowlink/internal/relay/registry.go:247.23,249.4 1 1
github.com/braincreator/flowlink/internal/relay/registry.go:251.2,251.19 1 1
github.com/braincreator/flowlink/internal/relay/registry.go:255.69,260.25 5 1
github.com/braincreator/flowlink/internal/relay/registry.go:260.25,261.32 1 1
github.com/braincreator/flowlink/internal/relay/registry.go:261.32,263.4 1 1
github.com/braincreator/flowlink/internal/relay/registry.go:265.2,265.15 1 1
github.com/braincreator/flowlink/internal/relay/registry.go:269.57,273.29 4 0
github.com/braincreator/flowlink/internal/relay/registry.go:273.29,275.3 1 0
github.com/braincreator/flowlink/internal/relay/registry.go:276.2,276.15 1 0
github.com/braincreator/flowlink/internal/relay/registry.go:280.53,285.9 4 1
github.com/braincreator/flowlink/internal/relay/registry.go:285.9,287.3 1 1
github.com/braincreator/flowlink/internal/relay/registry.go:290.2,292.26 3 1
github.com/braincreator/flowlink/internal/relay/registry.go:292.26,293.16 1 1
github.com/braincreator/flowlink/internal/relay/registry.go:293.16,295.9 2 1
github.com/braincreator/flowlink/internal/relay/registry.go:299.2,302.89 2 1
github.com/braincreator/flowlink/internal/relay/registry.go:302.89,304.3 1 0
github.com/braincreator/flowlink/internal/relay/registry.go:306.2,307.12 2 1
github.com/braincreator/flowlink/internal/relay/registry.go:311.68,316.9 4 0
github.com/braincreator/flowlink/internal/relay/registry.go:316.9,318.3 1 0
github.com/braincreator/flowlink/internal/relay/registry.go:320.2,323.61 2 0
github.com/braincreator/flowlink/internal/relay/registry.go:323.61,325.3 1 0
github.com/braincreator/flowlink/internal/relay/registry.go:327.2,327.12 1 0
github.com/braincreator/flowlink/internal/relay/registry.go:331.96,335.25 4 0
github.com/braincreator/flowlink/internal/relay/registry.go:335.25,337.29 2 0
github.com/braincreator/flowlink/internal/relay/registry.go:337.29,339.4 1 0
github.com/braincreator/flowlink/internal/relay/registry.go:341.2,341.19 1 0
github.com/braincreator/flowlink/internal/relay/registry.go:345.73,350.9 4 0
github.com/braincreator/flowlink/internal/relay/registry.go:350.9,352.3 1 0
github.com/braincreator/flowlink/internal/relay/registry.go:354.2,355.12 2 0
github.com/braincreator/flowlink/internal/relay/registry.go:355.12,357.3 1 0
github.com/braincreator/flowlink/internal/relay/registry.go:360.2,360.61 1 0
github.com/braincreator/flowlink/internal/relay/registry.go:360.61,362.3 1 0
github.com/braincreator/flowlink/internal/relay/registry.go:368.33,370.59 1 1
github.com/braincreator/flowlink/internal/relay/registry.go:370.59,372.38 2 1
github.com/braincreator/flowlink/internal/relay/registry.go:372.38,374.4 1 1
github.com/braincreator/flowlink/internal/relay/registry.go:375.17,377.3 1 0
github.com/braincreator/flowlink/internal/relay/registry.go:380.2,380.58 1 1
github.com/braincreator/flowlink/internal/relay/registry.go:380.58,383.46 2 1
github.com/braincreator/flowlink/internal/relay/registry.go:383.46,384.52 1 1
github.com/braincreator/flowlink/internal/relay/registry.go:384.52,387.5 2 1
github.com/braincreator/flowlink/internal/relay/registry.go:390.3,391.52 2 1
github.com/braincreator/flowlink/internal/relay/registry.go:391.52,395.4 2 1
github.com/braincreator/flowlink/internal/relay/registry.go:396.17,398.3 1 0
github.com/braincreator/flowlink/internal/relay/registry.go:400.2,401.12 2 1
github.com/braincreator/flowlink/internal/relay/registry.go:405.33,410.54 3 1
github.com/braincreator/flowlink/internal/relay/registry.go:410.54,412.31 2 1
github.com/braincreator/flowlink/internal/relay/registry.go:412.31,414.4 1 1
github.com/braincreator/flowlink/internal/relay/registry.go:415.3,415.14 1 1
github.com/braincreator/flowlink/internal/relay/registry.go:416.17,418.3 1 0
github.com/braincreator/flowlink/internal/relay/registry.go:421.2,421.53 1 1
github.com/braincreator/flowlink/internal/relay/registry.go:421.53,423.30 2 1
github.com/braincreator/flowlink/internal/relay/registry.go:423.30,425.4 1 0
github.com/braincreator/flowlink/internal/relay/registry.go:426.3,426.14 1 1
github.com/braincreator/flowlink/internal/relay/registry.go:427.17,429.3 1 0
github.com/braincreator/flowlink/internal/relay/registry.go:431.2,431.12 1 1
github.com/braincreator/flowlink/internal/relay/registry.go:437.76,440.16 3 1
github.com/braincreator/flowlink/internal/relay/registry.go:440.16,441.25 1 1
github.com/braincreator/flowlink/internal/relay/registry.go:441.25,443.4 1 1
github.com/braincreator/flowlink/internal/relay/registry.go:444.3,444.13 1 0
github.com/braincreator/flowlink/internal/relay/registry.go:446.2,452.21 4 1
github.com/braincreator/flowlink/internal/relay/registry.go:452.21,454.21 2 1
github.com/braincreator/flowlink/internal/relay/registry.go:454.21,455.12 1 0
github.com/braincreator/flowlink/internal/relay/registry.go:457.3,457.17 1 1
github.com/braincreator/flowlink/internal/relay/registry.go:460.2,460.22 1 1
github.com/braincreator/flowlink/internal/relay/registry.go:464.67,467.16 3 1
github.com/braincreator/flowlink/internal/relay/registry.go:467.16,469.3 1 0
github.com/braincreator/flowlink/internal/relay/registry.go:470.2,473.16 3 1
github.com/braincreator/flowlink/internal/relay/registry.go:473.16,475.3 1 0
github.com/braincreator/flowlink/internal/relay/registry.go:477.2,478.12 2 1
github.com/braincreator/flowlink/internal/relay/registry.go:482.75,487.16 4 1
github.com/braincreator/flowlink/internal/relay/registry.go:487.16,489.3 1 0
github.com/braincreator/flowlink/internal/relay/registry.go:490.2,493.32 3 1
github.com/braincreator/flowlink/internal/relay/registry.go:493.32,494.41 1 1
github.com/braincreator/flowlink/internal/relay/registry.go:494.41,496.4 1 0
github.com/braincreator/flowlink/internal/relay/registry.go:500.2,500.29 1 1
github.com/braincreator/flowlink/internal/relay/registry.go:504.41,506.40 2 1
github.com/braincreator/flowlink/internal/relay/registry.go:506.40,508.3 1 0
github.com/braincreator/flowlink/internal/relay/registry.go:509.2,509.53 1 1
github.com/braincreator/flowlink/internal/relay/registry.go:513.38,517.2 3 0
github.com/braincreator/flowlink/internal/relay/registry.go:520.37,524.2 3 0
github.com/braincreator/flowlink/internal/relay/relay.go:91.32,95.2 1 1
github.com/braincreator/flowlink/internal/relay/relay.go:98.43,102.2 3 1
github.com/braincreator/flowlink/internal/relay/relay.go:105.44,109.2 3 1
github.com/braincreator/flowlink/internal/relay/relay.go:112.60,117.2 4 1
github.com/braincreator/flowlink/internal/relay/relay.go:120.41,124.30 4 1
github.com/braincreator/flowlink/internal/relay/relay.go:124.30,126.3 1 1
github.com/braincreator/flowlink/internal/relay/relay.go:127.2,127.15 1 1
github.com/braincreator/flowlink/internal/relay/relay.go:131.33,135.2 3 1
github.com/braincreator/flowlink/internal/relay/relay.go:138.61,141.19 3 1
github.com/braincreator/flowlink/internal/relay/relay.go:141.19,143.3 1 1
github.com/braincreator/flowlink/internal/relay/relay.go:144.2,144.30 1 1
github.com/braincreator/flowlink/internal/relay/relay.go:148.71,152.24 3 1
github.com/braincreator/flowlink/internal/relay/relay.go:152.24,154.3 1 1
github.com/braincreator/flowlink/internal/relay/relay.go:155.2,155.35 1 1
github.com/braincreator/flowlink/internal/relay/relay.go:160.47,165.16 3 1
github.com/braincreator/flowlink/internal/relay/relay.go:165.16,167.3 1 0
github.com/braincreator/flowlink/internal/relay/relay.go:170.2,208.14 11 1
github.com/braincreator/flowlink/internal/relay/relay.go:208.14,211.17 3 0
github.com/braincreator/flowlink/internal/relay/relay.go:211.17,214.4 2 0
github.com/braincreator/flowlink/internal/relay/relay.go:214.9,218.4 3 0
github.com/braincreator/flowlink/internal/relay/relay.go:219.8,221.3 1 1
github.com/braincreator/flowlink/internal/relay/relay.go:224.2,229.10 5 1
github.com/braincreator/flowlink/internal/relay/relay.go:233.46,235.2 1 1
github.com/braincreator/flowlink/internal/relay/relay.go:238.72,240.2 1 1
github.com/braincreator/flowlink/internal/relay/relay.go:243.86,245.2 1 1
github.com/braincreator/flowlink/internal/relay/relay.go:248.41,250.2 1 1
github.com/braincreator/flowlink/internal/relay/relay.go:253.31,317.28 45 0
github.com/braincreator/flowlink/internal/relay/relay.go:317.28,320.3 2 0
github.com/braincreator/flowlink/internal/relay/relay.go:323.2,344.25 6 0
github.com/braincreator/flowlink/internal/relay/relay.go:344.25,356.17 5 0
github.com/braincreator/flowlink/internal/relay/relay.go:356.17,359.4 2 0
github.com/braincreator/flowlink/internal/relay/relay.go:360.3,360.54 1 0
github.com/braincreator/flowlink/internal/relay/relay.go:364.2,376.22 5 0
github.com/braincreator/flowlink/internal/relay/relay.go:376.22,379.3 2 0
github.com/braincreator/flowlink/internal/relay/relay.go:379.8,381.3 1 0
github.com/braincreator/flowlink/internal/relay/relay.go:382.2,383.12 2 0
github.com/braincreator/flowlink/internal/relay/relay.go:383.12,384.23 1 0
github.com/braincreator/flowlink/internal/relay/relay.go:384.23,386.4 1 0
github.com/braincreator/flowlink/internal/relay/relay.go:386.9,388.4 1 0
github.com/braincreator/flowlink/internal/relay/relay.go:392.2,394.12 3 0
github.com/braincreator/flowlink/internal/relay/relay.go:394.12,396.23 2 0
github.com/braincreator/flowlink/internal/relay/relay.go:396.23,398.4 1 0
github.com/braincreator/flowlink/internal/relay/relay.go:398.9,400.4 1 0
github.com/braincreator/flowlink/internal/relay/relay.go:404.2,405.9 2 0
github.com/braincreator/flowlink/internal/relay/relay.go:406.20,407.75 1 0
github.com/braincreator/flowlink/internal/relay/relay.go:408.23,409.48 1 0
github.com/braincreator/flowlink/internal/relay/relay.go:409.48,411.4 1 0
github.com/braincreator/flowlink/internal/relay/relay.go:412.23,413.48 1 0
github.com/braincreator/flowlink/internal/relay/relay.go:413.48,415.4 1 0
github.com/braincreator/flowlink/internal/relay/relay.go:419.2,424.42 4 0
github.com/braincreator/flowlink/internal/relay/relay.go:424.42,426.3 1 0
github.com/braincreator/flowlink/internal/relay/relay.go:429.2,431.12 3 0
github.com/braincreator/flowlink/internal/relay/relay.go:431.12,433.57 2 0
github.com/braincreator/flowlink/internal/relay/relay.go:433.57,435.4 1 0
github.com/braincreator/flowlink/internal/relay/relay.go:437.2,437.12 1 0
github.com/braincreator/flowlink/internal/relay/relay.go:437.12,439.57 2 0
github.com/braincreator/flowlink/internal/relay/relay.go:439.57,441.4 1 0
github.com/braincreator/flowlink/internal/relay/relay.go:443.2,446.18 3 0
github.com/braincreator/flowlink/internal/relay/relay.go:450.80,452.2 1 0
github.com/braincreator/flowlink/internal/relay/relay.go:456.73,458.43 1 0
github.com/braincreator/flowlink/internal/relay/relay.go:458.43,458.58 1 0
github.com/braincreator/flowlink/internal/relay/relay.go:461.2,462.16 2 0
github.com/braincreator/flowlink/internal/relay/relay.go:462.16,465.3 2 0
github.com/braincreator/flowlink/internal/relay/relay.go:468.2,469.51 2 0
github.com/braincreator/flowlink/internal/relay/relay.go:469.51,473.3 3 0
github.com/braincreator/flowlink/internal/relay/relay.go:475.2,475.44 1 0
github.com/braincreator/flowlink/internal/relay/relay.go:475.44,479.3 3 0
github.com/braincreator/flowlink/internal/relay/relay.go:482.2,483.82 2 0
github.com/braincreator/flowlink/internal/relay/relay.go:483.82,487.3 3 0
github.com/braincreator/flowlink/internal/relay/relay.go:490.2,490.58 1 0
github.com/braincreator/flowlink/internal/relay/relay.go:490.58,494.3 3 0
github.com/braincreator/flowlink/internal/relay/relay.go:497.2,510.43 2 0
github.com/braincreator/flowlink/internal/relay/relay.go:510.43,513.17 2 0
github.com/braincreator/flowlink/internal/relay/relay.go:513.17,515.4 1 0
github.com/braincreator/flowlink/internal/relay/relay.go:515.9,519.4 3 0
github.com/braincreator/flowlink/internal/relay/relay.go:522.2,540.23 4 0
github.com/braincreator/flowlink/internal/relay/relay.go:540.23,542.3 1 0
github.com/braincreator/flowlink/internal/relay/relay.go:545.2,554.37 3 0
github.com/braincreator/flowlink/internal/relay/relay.go:554.37,555.59 1 0
github.com/braincreator/flowlink/internal/relay/relay.go:555.59,557.31 2 0
github.com/braincreator/flowlink/internal/relay/relay.go:557.31,558.20 1 0
github.com/braincreator/flowlink/internal/relay/relay.go:558.20,560.11 2 0
github.com/braincreator/flowlink/internal/relay/relay.go:563.4,565.82 3 0
github.com/braincreator/flowlink/internal/relay/relay.go:569.2,573.15 3 0
github.com/braincreator/flowlink/internal/relay/relay.go:573.15,577.24 3 0
github.com/braincreator/flowlink/internal/relay/relay.go:577.24,579.4 1 0
github.com/braincreator/flowlink/internal/relay/relay.go:580.3,586.5 2 0
github.com/braincreator/flowlink/internal/relay/relay.go:589.2,589.6 1 0
github.com/braincreator/flowlink/internal/relay/relay.go:589.6,591.45 2 0
github.com/braincreator/flowlink/internal/relay/relay.go:591.45,594.4 2 0
github.com/braincreator/flowlink/internal/relay/relay.go:597.3,597.56 1 0
github.com/braincreator/flowlink/internal/relay/relay.go:597.56,599.18 2 0
github.com/braincreator/flowlink/internal/relay/relay.go:599.18,601.13 2 0
github.com/braincreator/flowlink/internal/relay/relay.go:604.4,604.66 1 0
github.com/braincreator/flowlink/internal/relay/relay.go:604.66,606.13 2 0
github.com/braincreator/flowlink/internal/relay/relay.go:608.4,608.83 1 0
github.com/braincreator/flowlink/internal/relay/relay.go:611.3,617.25 4 0
github.com/braincreator/flowlink/internal/relay/relay.go:617.25,618.49 1 0
github.com/braincreator/flowlink/internal/relay/relay.go:618.49,619.50 1 0
github.com/braincreator/flowlink/internal/relay/relay.go:619.50,620.51 1 0
github.com/braincreator/flowlink/internal/relay/relay.go:620.51,621.15 1 0
github.com/braincreator/flowlink/internal/relay/relay.go:628.3,628.19 1 0
github.com/braincreator/flowlink/internal/relay/relay.go:629.30,632.31 3 0
github.com/braincreator/flowlink/internal/relay/relay.go:634.63,636.26 2 0
github.com/braincreator/flowlink/internal/relay/relay.go:636.26,637.50 1 0
github.com/braincreator/flowlink/internal/relay/relay.go:637.50,639.6 1 0
github.com/braincreator/flowlink/internal/relay/relay.go:642.4,645.17 4 0
github.com/braincreator/flowlink/internal/relay/relay.go:645.17,647.5 1 0
github.com/braincreator/flowlink/internal/relay/relay.go:648.4,654.6 2 0
github.com/braincreator/flowlink/internal/relay/relay.go:656.35,659.26 2 0
github.com/braincreator/flowlink/internal/relay/relay.go:659.26,660.50 1 0
github.com/braincreator/flowlink/internal/relay/relay.go:660.50,662.6 1 0
github.com/braincreator/flowlink/internal/relay/relay.go:664.4,668.6 1 0
github.com/braincreator/flowlink/internal/relay/relay.go:670.35,673.26 2 0
github.com/braincreator/flowlink/internal/relay/relay.go:673.26,674.50 1 0
github.com/braincreator/flowlink/internal/relay/relay.go:674.50,676.6 1 0
github.com/braincreator/flowlink/internal/relay/relay.go:678.4,682.6 1 0
github.com/braincreator/flowlink/internal/relay/relay.go:684.35,687.26 2 0
github.com/braincreator/flowlink/internal/relay/relay.go:687.26,688.50 1 0
github.com/braincreator/flowlink/internal/relay/relay.go:688.50,690.6 1 0
github.com/braincreator/flowlink/internal/relay/relay.go:692.4,696.6 1 0
github.com/braincreator/flowlink/internal/relay/relay.go:698.29,701.26 2 0
github.com/braincreator/flowlink/internal/relay/relay.go:701.26,702.50 1 0
github.com/braincreator/flowlink/internal/relay/relay.go:702.50,704.6 1 0
github.com/braincreator/flowlink/internal/relay/relay.go:706.4,710.6 1 0
github.com/braincreator/flowlink/internal/relay/relay.go:712.31,715.26 2 0
github.com/braincreator/flowlink/internal/relay/relay.go:715.26,716.50 1 0
github.com/braincreator/flowlink/internal/relay/relay.go:716.50,718.6 1 0
github.com/braincreator/flowlink/internal/relay/relay.go:720.4,724.6 1 0
github.com/braincreator/flowlink/internal/relay/relay.go:726.32,729.26 2 0
github.com/braincreator/flowlink/internal/relay/relay.go:729.26,730.50 1 0
github.com/braincreator/flowlink/internal/relay/relay.go:730.50,732.6 1 0
github.com/braincreator/flowlink/internal/relay/relay.go:734.4,738.6 1 0
github.com/braincreator/flowlink/internal/relay/relay.go:740.33,743.26 2 0
github.com/braincreator/flowlink/internal/relay/relay.go:743.26,744.50 1 0
github.com/braincreator/flowlink/internal/relay/relay.go:744.50,746.6 1 0
github.com/braincreator/flowlink/internal/relay/relay.go:748.4,752.6 1 0
github.com/braincreator/flowlink/internal/relay/relay.go:754.30,757.26 2 0
github.com/braincreator/flowlink/internal/relay/relay.go:757.26,758.50 1 0
github.com/braincreator/flowlink/internal/relay/relay.go:758.50,760.6 1 0
github.com/braincreator/flowlink/internal/relay/relay.go:762.4,766.6 1 0
github.com/braincreator/flowlink/internal/relay/relay.go:768.33,771.26 2 0
github.com/braincreator/flowlink/internal/relay/relay.go:771.26,772.50 1 0
github.com/braincreator/flowlink/internal/relay/relay.go:772.50,774.6 1 0
github.com/braincreator/flowlink/internal/relay/relay.go:776.4,780.6 1 0
github.com/braincreator/flowlink/internal/relay/relay.go:782.29,785.26 2 0
github.com/braincreator/flowlink/internal/relay/relay.go:785.26,786.50 1 0
github.com/braincreator/flowlink/internal/relay/relay.go:786.50,788.6 1 0
github.com/braincreator/flowlink/internal/relay/relay.go:790.4,794.6 1 0
github.com/braincreator/flowlink/internal/relay/relay.go:796.30,799.26 1 0
github.com/braincreator/flowlink/internal/relay/relay.go:799.26,800.50 1 0
github.com/braincreator/flowlink/internal/relay/relay.go:800.50,801.51 1 0
github.com/braincreator/flowlink/internal/relay/relay.go:801.51,802.52 1 0
github.com/braincreator/flowlink/internal/relay/relay.go:802.52,803.16 1 0
github.com/braincreator/flowlink/internal/relay/relay.go:808.4,809.26 2 0
github.com/braincreator/flowlink/internal/relay/relay.go:809.26,810.50 1 0
github.com/braincreator/flowlink/internal/relay/relay.go:810.50,812.6 1 0
github.com/braincreator/flowlink/internal/relay/relay.go:814.4,818.6 1 0
github.com/braincreator/flowlink/internal/relay/relay.go:820.11,822.93 1 0
github.com/braincreator/flowlink/internal/relay/relay.go:829.63,831.23 1 1
github.com/braincreator/flowlink/internal/relay/relay.go:831.23,832.81 1 1
github.com/braincreator/flowlink/internal/relay/relay.go:832.81,834.81 1 1
github.com/braincreator/flowlink/internal/relay/relay.go:834.81,836.5 1 1
github.com/braincreator/flowlink/internal/relay/relay.go:841.2,841.19 1 1
github.com/braincreator/flowlink/internal/relay/relay.go:841.19,843.26 2 1
github.com/braincreator/flowlink/internal/relay/relay.go:843.26,845.4 1 0
github.com/braincreator/flowlink/internal/relay/relay.go:849.2,849.32 1 1
github.com/braincreator/flowlink/internal/relay/relay.go:849.32,851.3 1 1
github.com/braincreator/flowlink/internal/relay/relay.go:853.2,854.9 2 0
github.com/braincreator/flowlink/internal/relay/relay.go:854.9,856.3 1 0
github.com/braincreator/flowlink/internal/relay/relay.go:858.2,858.45 1 0
github.com/braincreator/flowlink/internal/relay/relay.go:858.45,860.3 1 0
github.com/braincreator/flowlink/internal/relay/relay.go:862.2,862.13 1 0
github.com/braincreator/flowlink/internal/relay/relay.go:867.76,881.28 4 1
github.com/braincreator/flowlink/internal/relay/relay.go:881.28,891.3 1 1
github.com/braincreator/flowlink/internal/relay/relay.go:893.2,896.4 1 1
github.com/braincreator/flowlink/internal/relay/relay.go:899.77,911.64 3 1
github.com/braincreator/flowlink/internal/relay/relay.go:911.64,914.3 2 1
github.com/braincreator/flowlink/internal/relay/relay.go:916.2,916.46 1 1
github.com/braincreator/flowlink/internal/relay/relay.go:916.46,919.3 2 1
github.com/braincreator/flowlink/internal/relay/relay.go:921.2,922.9 2 1
github.com/braincreator/flowlink/internal/relay/relay.go:922.9,925.3 2 1
github.com/braincreator/flowlink/internal/relay/relay.go:927.2,937.47 3 1
github.com/braincreator/flowlink/internal/relay/relay.go:937.47,939.21 1 0
github.com/braincreator/flowlink/internal/relay/relay.go:939.21,952.4 1 0
github.com/braincreator/flowlink/internal/relay/relay.go:954.3,965.9 3 0
github.com/braincreator/flowlink/internal/relay/relay.go:969.2,969.20 1 1
github.com/braincreator/flowlink/internal/relay/relay.go:969.20,981.3 1 1
github.com/braincreator/flowlink/internal/relay/relay.go:984.2,998.4 2 1
github.com/braincreator/flowlink/internal/relay/relay.go:1001.74,1008.64 2 1
github.com/braincreator/flowlink/internal/relay/relay.go:1008.64,1011.3 2 1
github.com/braincreator/flowlink/internal/relay/relay.go:1013.2,1014.9 2 1
github.com/braincreator/flowlink/internal/relay/relay.go:1014.9,1017.3 2 1
github.com/braincreator/flowlink/internal/relay/relay.go:1019.2,1025.47 3 1
github.com/braincreator/flowlink/internal/relay/relay.go:1025.47,1028.3 2 0
github.com/braincreator/flowlink/internal/relay/relay.go:1030.2,1030.77 1 1
github.com/braincreator/flowlink/internal/relay/relay.go:1033.75,1042.64 2 1
github.com/braincreator/flowlink/internal/relay/relay.go:1042.64,1045.3 2 1
github.com/braincreator/flowlink/internal/relay/relay.go:1047.2,1048.9 2 1
github.com/braincreator/flowlink/internal/relay/relay.go:1048.9,1051.3 2 0
github.com/braincreator/flowlink/internal/relay/relay.go:1053.2,1061.47 3 1
github.com/braincreator/flowlink/internal/relay/relay.go:1061.47,1064.3 2 0
github.com/braincreator/flowlink/internal/relay/relay.go:1066.2,1066.77 1 1
github.com/braincreator/flowlink/internal/relay/relay.go:1069.74,1076.64 2 1
github.com/braincreator/flowlink/internal/relay/relay.go:1076.64,1079.3 2 1
github.com/braincreator/flowlink/internal/relay/relay.go:1081.2,1082.9 2 1
github.com/braincreator/flowlink/internal/relay/relay.go:1082.9,1085.3 2 0
github.com/braincreator/flowlink/internal/relay/relay.go:1087.2,1093.47 3 1
github.com/braincreator/flowlink/internal/relay/relay.go:1093.47,1096.3 2 0
github.com/braincreator/flowlink/internal/relay/relay.go:1098.2,1098.77 1 1
github.com/braincreator/flowlink/internal/relay/relay.go:1101.73,1106.64 2 1
github.com/braincreator/flowlink/internal/relay/relay.go:1106.64,1109.3 2 1
github.com/braincreator/flowlink/internal/relay/relay.go:1111.2,1112.9 2 1
github.com/braincreator/flowlink/internal/relay/relay.go:1112.9,1115.3 2 0
github.com/braincreator/flowlink/internal/relay/relay.go:1117.2,1118.47 2 1
github.com/braincreator/flowlink/internal/relay/relay.go:1118.47,1121.3 2 0
github.com/braincreator/flowlink/internal/relay/relay.go:1123.2,1123.77 1 1
github.com/braincreator/flowlink/internal/relay/relay.go:1128.76,1141.64 2 1
github.com/braincreator/flowlink/internal/relay/relay.go:1141.64,1144.3 2 1
github.com/braincreator/flowlink/internal/relay/relay.go:1146.2,1146.50 1 1
github.com/braincreator/flowlink/internal/relay/relay.go:1146.50,1149.3 2 1
github.com/braincreator/flowlink/internal/relay/relay.go:1151.2,1152.9 2 1
github.com/braincreator/flowlink/internal/relay/relay.go:1152.9,1155.3 2 0
github.com/braincreator/flowlink/internal/relay/relay.go:1157.2,1172.47 4 1
github.com/braincreator/flowlink/internal/relay/relay.go:1172.47,1175.3 2 0
github.com/braincreator/flowlink/internal/relay/relay.go:1177.2,1181.4 1 1
github.com/braincreator/flowlink/internal/relay/relay.go:1184.76,1190.64 2 1
github.com/braincreator/flowlink/internal/relay/relay.go:1190.64,1193.3 2 1
github.com/braincreator/flowlink/internal/relay/relay.go:1195.2,1196.9 2 1
github.com/braincreator/flowlink/internal/relay/relay.go:1196.9,1199.3 2 0
github.com/braincreator/flowlink/internal/relay/relay.go:1201.2,1205.82 4 1
github.com/braincreator/flowlink/internal/relay/relay.go:1208.75,1219.64 2 1
github.com/braincreator/flowlink/internal/relay/relay.go:1219.64,1222.3 2 1
github.com/braincreator/flowlink/internal/relay/relay.go:1224.2,1224.73 1 1
github.com/braincreator/flowlink/internal/relay/relay.go:1224.73,1227.3 2 1
github.com/braincreator/flowlink/internal/relay/relay.go:1229.2,1230.9 2 1
github.com/braincreator/flowlink/internal/relay/relay.go:1230.9,1233.3 2 0
github.com/braincreator/flowlink/internal/relay/relay.go:1235.2,1246.79 4 1
github.com/braincreator/flowlink/internal/relay/relay.go:1249.75,1254.64 2 1
github.com/braincreator/flowlink/internal/relay/relay.go:1254.64,1257.3 2 1
github.com/braincreator/flowlink/internal/relay/relay.go:1259.2,1260.9 2 1
github.com/braincreator/flowlink/internal/relay/relay.go:1260.9,1263.3 2 0
github.com/braincreator/flowlink/internal/relay/relay.go:1265.2,1268.82 3 1
github.com/braincreator/flowlink/internal/relay/relay.go:1271.77,1277.64 2 1
github.com/braincreator/flowlink/internal/relay/relay.go:1277.64,1280.3 2 1
github.com/braincreator/flowlink/internal/relay/relay.go:1282.2,1283.9 2 1
github.com/braincreator/flowlink/internal/relay/relay.go:1283.9,1286.3 2 0
github.com/braincreator/flowlink/internal/relay/relay.go:1288.2,1292.89 4 1
github.com/braincreator/flowlink/internal/relay/relay.go:1297.83,1298.34 1 1
github.com/braincreator/flowlink/internal/relay/relay.go:1298.34,1301.3 2 1
github.com/braincreator/flowlink/internal/relay/relay.go:1303.2,1311.64 2 1
github.com/braincreator/flowlink/internal/relay/relay.go:1311.64,1314.3 2 1
github.com/braincreator/flowlink/internal/relay/relay.go:1315.2,1315.24 1 1
github.com/braincreator/flowlink/internal/relay/relay.go:1315.24,1318.3 2 1
github.com/braincreator/flowlink/internal/relay/relay.go:1320.2,1321.9 2 1
github.com/braincreator/flowlink/internal/relay/relay.go:1321.9,1324.3 2 0
github.com/braincreator/flowlink/internal/relay/relay.go:1327.2,1328.26 2 1
github.com/braincreator/flowlink/internal/relay/relay.go:1328.26,1330.3 1 1
github.com/braincreator/flowlink/internal/relay/relay.go:1331.2,1331.23 1 1
github.com/braincreator/flowlink/internal/relay/relay.go:1331.23,1333.3 1 1
github.com/braincreator/flowlink/internal/relay/relay.go:1334.2,1334.25 1 1
github.com/braincreator/flowlink/internal/relay/relay.go:1334.25,1336.3 1 1
github.com/braincreator/flowlink/internal/relay/relay.go:1337.2,1337.28 1 1
github.com/braincreator/flowlink/internal/relay/relay.go:1337.28,1339.3 1 0
github.com/braincreator/flowlink/internal/relay/relay.go:1341.2,1341.23 1 1
github.com/braincreator/flowlink/internal/relay/relay.go:1341.23,1344.3 2 1
github.com/braincreator/flowlink/internal/relay/relay.go:1347.2,1349.47 3 1
github.com/braincreator/flowlink/internal/relay/relay.go:1349.47,1353.3 3 0
github.com/braincreator/flowlink/internal/relay/relay.go:1356.2,1366.4 2 1
github.com/braincreator/flowlink/internal/relay/relay.go:1372.78,1373.35 1 1
github.com/braincreator/flowlink/internal/relay/relay.go:1373.35,1376.3 2 0
github.com/braincreator/flowlink/internal/relay/relay.go:1378.2,1384.64 2 1
github.com/braincreator/flowlink/internal/relay/relay.go:1384.64,1387.3 2 1
github.com/braincreator/flowlink/internal/relay/relay.go:1389.2,1389.24 1 1
github.com/braincreator/flowlink/internal/relay/relay.go:1389.24,1392.3 2 1
github.com/braincreator/flowlink/internal/relay/relay.go:1394.2,1395.9 2 1
github.com/braincreator/flowlink/internal/relay/relay.go:1395.9,1398.3 2 1
github.com/braincreator/flowlink/internal/relay/relay.go:1400.2,1408.47 4 1
github.com/braincreator/flowlink/internal/relay/relay.go:1408.47,1411.3 2 0
github.com/braincreator/flowlink/internal/relay/relay.go:1413.2,1417.4 1 1
github.com/braincreator/flowlink/internal/relay/relay.go:1421.76,1422.34 1 1
github.com/braincreator/flowlink/internal/relay/relay.go:1422.34,1425.3 2 0
github.com/braincreator/flowlink/internal/relay/relay.go:1427.2,1428.19 2 1
github.com/braincreator/flowlink/internal/relay/relay.go:1428.19,1431.3 2 1
github.com/braincreator/flowlink/internal/relay/relay.go:1433.2,1434.9 2 1
github.com/braincreator/flowlink/internal/relay/relay.go:1434.9,1437.3 2 1
github.com/braincreator/flowlink/internal/relay/relay.go:1439.2,1445.47 4 1
github.com/braincreator/flowlink/internal/relay/relay.go:1445.47,1448.3 2 0
github.com/braincreator/flowlink/internal/relay/relay.go:1450.2,1454.4 1 1
github.com/braincreator/flowlink/internal/relay/relay.go:1458.82,1464.22 4 1
github.com/braincreator/flowlink/internal/relay/relay.go:1464.22,1467.3 2 0
github.com/braincreator/flowlink/internal/relay/relay.go:1470.2,1471.46 2 1
github.com/braincreator/flowlink/internal/relay/relay.go:1471.46,1473.3 1 1
github.com/braincreator/flowlink/internal/relay/relay.go:1473.8,1473.44 1 1
github.com/braincreator/flowlink/internal/relay/relay.go:1473.44,1475.3 1 1
github.com/braincreator/flowlink/internal/relay/relay.go:1475.8,1478.3 2 0
github.com/braincreator/flowlink/internal/relay/relay.go:1481.2,1484.64 2 1
github.com/braincreator/flowlink/internal/relay/relay.go:1484.64,1487.3 2 0
github.com/braincreator/flowlink/internal/relay/relay.go:1489.2,1489.24 1 1
github.com/braincreator/flowlink/internal/relay/relay.go:1489.24,1492.3 2 1
github.com/braincreator/flowlink/internal/relay/relay.go:1494.2,1495.9 2 1
github.com/braincreator/flowlink/internal/relay/relay.go:1495.9,1498.3 2 1
github.com/braincreator/flowlink/internal/relay/relay.go:1500.2,1502.19 2 1
github.com/braincreator/flowlink/internal/relay/relay.go:1503.17,1504.36 1 1
github.com/braincreator/flowlink/internal/relay/relay.go:1504.36,1507.4 2 0
github.com/braincreator/flowlink/internal/relay/relay.go:1508.3,1513.48 3 1
github.com/braincreator/flowlink/internal/relay/relay.go:1513.48,1516.4 2 0
github.com/braincreator/flowlink/internal/relay/relay.go:1517.3,1522.5 1 1
github.com/braincreator/flowlink/internal/relay/relay.go:1524.16,1525.38 1 1
github.com/braincreator/flowlink/internal/relay/relay.go:1525.38,1528.4 2 0
github.com/braincreator/flowlink/internal/relay/relay.go:1529.3,1534.48 3 1
github.com/braincreator/flowlink/internal/relay/relay.go:1534.48,1537.4 2 0
github.com/braincreator/flowlink/internal/relay/relay.go:1538.3,1543.5 1 1
github.com/braincreator/flowlink/internal/relay/relay.go:1550.92,1552.2 1 1
github.com/braincreator/flowlink/internal/relay/relay.go:1555.91,1557.2 1 1
github.com/braincreator/flowlink/internal/relay/relay.go:1560.91,1562.2 1 1
github.com/braincreator/flowlink/internal/relay/relay.go:1565.49,1567.2 1 1
github.com/braincreator/flowlink/internal/relay/relay.go:1571.76,1572.20 1 1
github.com/braincreator/flowlink/internal/relay/relay.go:1572.20,1575.3 2 0
github.com/braincreator/flowlink/internal/relay/relay.go:1578.2,1587.56 2 1
github.com/braincreator/flowlink/internal/relay/relay.go:1587.56,1588.44 1 1
github.com/braincreator/flowlink/internal/relay/relay.go:1588.44,1590.4 1 1
github.com/braincreator/flowlink/internal/relay/relay.go:1592.2,1592.59 1 1
github.com/braincreator/flowlink/internal/relay/relay.go:1592.59,1593.45 1 0
github.com/braincreator/flowlink/internal/relay/relay.go:1593.45,1595.4 1 0
github.com/braincreator/flowlink/internal/relay/relay.go:1599.2,1599.53 1 1
github.com/braincreator/flowlink/internal/relay/relay.go:1599.53,1600.59 1 0
github.com/braincreator/flowlink/internal/relay/relay.go:1600.59,1602.4 1 0
github.com/braincreator/flowlink/internal/relay/relay.go:1604.2,1604.47 1 1
github.com/braincreator/flowlink/internal/relay/relay.go:1604.47,1605.57 1 0
github.com/braincreator/flowlink/internal/relay/relay.go:1605.57,1607.4 1 0
github.com/braincreator/flowlink/internal/relay/relay.go:1611.2,1612.16 2 1
github.com/braincreator/flowlink/internal/relay/relay.go:1612.16,1615.3 2 0
github.com/braincreator/flowlink/internal/relay/relay.go:1617.2,1620.4 1 1
github.com/braincreator/flowlink/internal/relay/relay.go:1623.77,1624.20 1 1
github.com/braincreator/flowlink/internal/relay/relay.go:1624.20,1627.3 2 0
github.com/braincreator/flowlink/internal/relay/relay.go:1629.2,1630.18 2 1
github.com/braincreator/flowlink/internal/relay/relay.go:1630.18,1632.3 1 0
github.com/braincreator/flowlink/internal/relay/relay.go:1634.2,1643.53 2 1
github.com/braincreator/flowlink/internal/relay/relay.go:1643.53,1644.59 1 0
github.com/braincreator/flowlink/internal/relay/relay.go:1644.59,1646.4 1 0
github.com/braincreator/flowlink/internal/relay/relay.go:1648.2,1648.47 1 1
github.com/braincreator/flowlink/internal/relay/relay.go:1648.47,1649.57 1 0
github.com/braincreator/flowlink/internal/relay/relay.go:1649.57,1651.4 1 0
github.com/braincreator/flowlink/internal/relay/relay.go:1655.2,1656.16 2 1
github.com/braincreator/flowlink/internal/relay/relay.go:1656.16,1659.3 2 0
github.com/braincreator/flowlink/internal/relay/relay.go:1662.2,1662.16 1 1
github.com/braincreator/flowlink/internal/relay/relay.go:1663.13,1665.81 2 1
github.com/braincreator/flowlink/internal/relay/relay.go:1666.10,1668.82 2 1
github.com/braincreator/flowlink/internal/relay/relay.go:1671.2,1671.15 1 1
github.com/braincreator/flowlink/internal/relay/relay.go:1674.76,1675.20 1 1
github.com/braincreator/flowlink/internal/relay/relay.go:1675.20,1678.3 2 0
github.com/braincreator/flowlink/internal/relay/relay.go:1680.2,1681.16 2 1
github.com/braincreator/flowlink/internal/relay/relay.go:1681.16,1684.3 2 0
github.com/braincreator/flowlink/internal/relay/relay.go:1686.2,1686.21 1 1
github.com/braincreator/flowlink/internal/relay/relay.go:1692.73,1693.20 1 1
github.com/braincreator/flowlink/internal/relay/relay.go:1694.23,1700.65 2 1
github.com/braincreator/flowlink/internal/relay/relay.go:1700.65,1703.4 2 1
github.com/braincreator/flowlink/internal/relay/relay.go:1704.3,1704.22 1 1
github.com/braincreator/flowlink/internal/relay/relay.go:1704.22,1707.4 2 1
github.com/braincreator/flowlink/internal/relay/relay.go:1708.3,1708.22 1 1
github.com/braincreator/flowlink/internal/relay/relay.go:1708.22,1710.4 1 0
github.com/braincreator/flowlink/internal/relay/relay.go:1712.3,1713.17 2 1
github.com/braincreator/flowlink/internal/relay/relay.go:1713.17,1716.4 2 0
github.com/braincreator/flowlink/internal/relay/relay.go:1717.3,1717.23 1 1
github.com/braincreator/flowlink/internal/relay/relay.go:1719.22,1724.5 2 1
github.com/braincreator/flowlink/internal/relay/relay.go:1726.10,1727.72 1 1
github.com/braincreator/flowlink/internal/relay/relay.go:1733.76,1738.20 4 1
github.com/braincreator/flowlink/internal/relay/relay.go:1738.20,1741.3 2 0
github.com/braincreator/flowlink/internal/relay/relay.go:1744.2,1744.45 1 1
github.com/braincreator/flowlink/internal/relay/relay.go:1744.45,1745.21 1 1
github.com/braincreator/flowlink/internal/relay/relay.go:1746.23,1751.6 2 1
github.com/braincreator/flowlink/internal/relay/relay.go:1752.24,1759.66 2 1
github.com/braincreator/flowlink/internal/relay/relay.go:1759.66,1762.5 2 0
github.com/braincreator/flowlink/internal/relay/relay.go:1763.4,1763.24 1 1
github.com/braincreator/flowlink/internal/relay/relay.go:1763.24,1766.5 2 0
github.com/braincreator/flowlink/internal/relay/relay.go:1767.4,1767.24 1 1
github.com/braincreator/flowlink/internal/relay/relay.go:1767.24,1769.5 1 0
github.com/braincreator/flowlink/internal/relay/relay.go:1771.4,1772.18 2 1
github.com/braincreator/flowlink/internal/relay/relay.go:1772.18,1775.5 2 0
github.com/braincreator/flowlink/internal/relay/relay.go:1776.4,1776.23 1 1
github.com/braincreator/flowlink/internal/relay/relay.go:1777.11,1778.73 1 0
github.com/braincreator/flowlink/internal/relay/relay.go:1780.3,1780.9 1 1
github.com/braincreator/flowlink/internal/relay/relay.go:1784.2,1784.20 1 1
github.com/braincreator/flowlink/internal/relay/relay.go:1785.22,1787.10 2 1
github.com/braincreator/flowlink/internal/relay/relay.go:1787.10,1790.4 2 1
github.com/braincreator/flowlink/internal/relay/relay.go:1791.3,1791.23 1 1
github.com/braincreator/flowlink/internal/relay/relay.go:1793.25,1795.17 2 1
github.com/braincreator/flowlink/internal/relay/relay.go:1795.17,1798.4 2 0
github.com/braincreator/flowlink/internal/relay/relay.go:1799.3,1799.82 1 1
github.com/braincreator/flowlink/internal/relay/relay.go:1801.10,1802.72 1 1
github.com/braincreator/flowlink/internal/relay/relay.go:1807.79,1808.35 1 1
github.com/braincreator/flowlink/internal/relay/relay.go:1808.35,1811.3 2 0
github.com/braincreator/flowlink/internal/relay/relay.go:1813.2,1820.64 2 1
github.com/braincreator/flowlink/internal/relay/relay.go:1820.64,1823.3 2 1
github.com/braincreator/flowlink/internal/relay/relay.go:1824.2,1824.45 1 1
github.com/braincreator/flowlink/internal/relay/relay.go:1824.45,1827.3 2 1
github.com/braincreator/flowlink/internal/relay/relay.go:1828.2,1828.22 1 1
github.com/braincreator/flowlink/internal/relay/relay.go:1828.22,1830.3 1 1
github.com/braincreator/flowlink/internal/relay/relay.go:1832.2,1833.16 2 1
github.com/braincreator/flowlink/internal/relay/relay.go:1833.16,1836.3 2 1
github.com/braincreator/flowlink/internal/relay/relay.go:1837.2,1837.21 1 1
github.com/braincreator/flowlink/internal/relay/relay.go:1841.77,1842.37 1 1
github.com/braincreator/flowlink/internal/relay/relay.go:1842.37,1845.3 2 0
github.com/braincreator/flowlink/internal/relay/relay.go:1847.2,1848.19 2 1
github.com/braincreator/flowlink/internal/relay/relay.go:1848.19,1851.3 2 0
github.com/braincreator/flowlink/internal/relay/relay.go:1853.2,1853.60 1 1
github.com/braincreator/flowlink/internal/relay/relay.go:1853.60,1856.3 2 1
github.com/braincreator/flowlink/internal/relay/relay.go:1857.2,1857.75 1 1
github.com/braincreator/flowlink/internal/relay/relay.go:1863.79,1864.34 1 1
github.com/braincreator/flowlink/internal/relay/relay.go:1864.34,1867.3 2 1
github.com/braincreator/flowlink/internal/relay/relay.go:1868.2,1871.48 4 1
github.com/braincreator/flowlink/internal/relay/relay.go:1871.48,1872.53 1 0
github.com/braincreator/flowlink/internal/relay/relay.go:1872.53,1874.4 1 0
github.com/braincreator/flowlink/internal/relay/relay.go:1876.2,1881.4 3 1
github.com/braincreator/flowlink/internal/relay/relay.go:1885.80,1886.35 1 1
github.com/braincreator/flowlink/internal/relay/relay.go:1886.35,1889.3 2 0
github.com/braincreator/flowlink/internal/relay/relay.go:1890.2,1892.20 3 1
github.com/braincreator/flowlink/internal/relay/relay.go:1892.20,1895.3 2 0
github.com/braincreator/flowlink/internal/relay/relay.go:1896.2,1906.81 6 1
github.com/braincreator/flowlink/internal/relay/relay.go:1906.81,1908.3 1 1
github.com/braincreator/flowlink/internal/relay/relay.go:1910.2,1912.16 3 1
github.com/braincreator/flowlink/internal/relay/relay.go:1913.17,1914.63 1 1
github.com/braincreator/flowlink/internal/relay/relay.go:1915.16,1916.62 1 1
github.com/braincreator/flowlink/internal/relay/relay.go:1917.10,1919.9 2 1
github.com/braincreator/flowlink/internal/relay/relay.go:1922.2,1922.16 1 1
github.com/braincreator/flowlink/internal/relay/relay.go:1922.16,1925.3 2 1
github.com/braincreator/flowlink/internal/relay/relay.go:1928.2,1928.47 1 1
github.com/braincreator/flowlink/internal/relay/relay.go:1928.47,1936.52 4 1
github.com/braincreator/flowlink/internal/relay/relay.go:1936.52,1938.4 1 0
github.com/braincreator/flowlink/internal/relay/relay.go:1939.8,1941.3 1 0
github.com/braincreator/flowlink/internal/relay/relay.go:1943.2,1944.33 2 1
github.com/braincreator/flowlink/internal/relay/relay.go:1948.78,1949.34 1 1
github.com/braincreator/flowlink/internal/relay/relay.go:1949.34,1952.3 2 0
github.com/braincreator/flowlink/internal/relay/relay.go:1953.2,1954.20 2 1
github.com/braincreator/flowlink/internal/relay/relay.go:1954.20,1957.3 2 1
github.com/braincreator/flowlink/internal/relay/relay.go:1959.2,1960.54 2 1
github.com/braincreator/flowlink/internal/relay/relay.go:1960.54,1962.3 1 1
github.com/braincreator/flowlink/internal/relay/relay.go:1963.2,1973.4 3 1
github.com/braincreator/flowlink/internal/relay/relay.go:1977.77,1978.34 1 1
github.com/braincreator/flowlink/internal/relay/relay.go:1978.34,1981.3 2 0
github.com/braincreator/flowlink/internal/relay/relay.go:1982.2,1983.20 2 1
github.com/braincreator/flowlink/internal/relay/relay.go:1983.20,1989.3 2 1
github.com/braincreator/flowlink/internal/relay/relay.go:1990.2,1991.54 2 1
github.com/braincreator/flowlink/internal/relay/relay.go:1991.54,1993.3 1 1
github.com/braincreator/flowlink/internal/relay/relay.go:1994.2,1995.9 2 1
github.com/braincreator/flowlink/internal/relay/relay.go:1995.9,1998.3 2 0
github.com/braincreator/flowlink/internal/relay/relay.go:1999.2,1999.20 1 1
github.com/braincreator/flowlink/internal/relay/relay.go:2003.83,2004.35 1 1
github.com/braincreator/flowlink/internal/relay/relay.go:2004.35,2007.3 2 0
github.com/braincreator/flowlink/internal/relay/relay.go:2008.2,2012.64 2 1
github.com/braincreator/flowlink/internal/relay/relay.go:2012.64,2015.3 2 1
github.com/braincreator/flowlink/internal/relay/relay.go:2016.2,2016.46 1 1
github.com/braincreator/flowlink/internal/relay/relay.go:2016.46,2019.3 2 1
github.com/braincreator/flowlink/internal/relay/relay.go:2020.2,2020.52 1 1
github.com/braincreator/flowlink/internal/relay/relay.go:2020.52,2023.3 2 0
github.com/braincreator/flowlink/internal/relay/relay.go:2024.2,2025.9 2 1
github.com/braincreator/flowlink/internal/relay/relay.go:2025.9,2028.3 2 0
github.com/braincreator/flowlink/internal/relay/relay.go:2029.2,2034.4 2 1
github.com/braincreator/flowlink/internal/relay/relay.go:2038.81,2039.34 1 1
github.com/braincreator/flowlink/internal/relay/relay.go:2039.34,2042.3 2 0
github.com/braincreator/flowlink/internal/relay/relay.go:2043.2,2044.20 2 1
github.com/braincreator/flowlink/internal/relay/relay.go:2044.20,2047.3 2 1
github.com/braincreator/flowlink/internal/relay/relay.go:2048.2,2052.4 2 1
github.com/braincreator/flowlink/internal/relay/relay.go:2056.83,2057.35 1 1
github.com/braincreator/flowlink/internal/relay/relay.go:2057.35,2060.3 2 0
github.com/braincreator/flowlink/internal/relay/relay.go:2061.2,2063.21 3 1
github.com/braincreator/flowlink/internal/relay/relay.go:2063.21,2066.3 2 0
github.com/braincreator/flowlink/internal/relay/relay.go:2067.2,2067.55 1 1
github.com/braincreator/flowlink/internal/relay/relay.go:2067.55,2070.3 2 1
github.com/braincreator/flowlink/internal/relay/relay.go:2071.2,2071.76 1 1
github.com/braincreator/flowlink/internal/relay/relay.go:2075.87,2076.34 1 1
github.com/braincreator/flowlink/internal/relay/relay.go:2076.34,2079.3 2 0
github.com/braincreator/flowlink/internal/relay/relay.go:2080.2,2081.20 2 1
github.com/braincreator/flowlink/internal/relay/relay.go:2081.20,2084.3 2 1
github.com/braincreator/flowlink/internal/relay/relay.go:2085.2,2089.4 2 1
github.com/braincreator/flowlink/internal/relay/relay.go:2092.35,2094.2 1 1
github.com/braincreator/flowlink/internal/relay/relay.go:2101.75,2102.35 1 1
github.com/braincreator/flowlink/internal/relay/relay.go:2102.35,2105.3 2 0
github.com/braincreator/flowlink/internal/relay/relay.go:2107.2,2112.64 2 1
github.com/braincreator/flowlink/internal/relay/relay.go:2112.64,2115.3 2 1
github.com/braincreator/flowlink/internal/relay/relay.go:2117.2,2117.25 1 1
github.com/braincreator/flowlink/internal/relay/relay.go:2117.25,2120.3 2 1
github.com/braincreator/flowlink/internal/relay/relay.go:2123.2,2123.23 1 1
github.com/braincreator/flowlink/internal/relay/relay.go:2123.23,2124.56 1 1
github.com/braincreator/flowlink/internal/relay/relay.go:2124.56,2127.4 2 1
github.com/braincreator/flowlink/internal/relay/relay.go:2131.2,2132.16 2 1
github.com/braincreator/flowlink/internal/relay/relay.go:2132.16,2136.3 3 0
github.com/braincreator/flowlink/internal/relay/relay.go:2138.2,2138.20 1 1
github.com/braincreator/flowlink/internal/relay/relay.go:2144.77,2145.35 1 1
github.com/braincreator/flowlink/internal/relay/relay.go:2145.35,2148.3 2 0
github.com/braincreator/flowlink/internal/relay/relay.go:2150.2,2154.64 2 1
github.com/braincreator/flowlink/internal/relay/relay.go:2154.64,2157.3 2 1
github.com/braincreator/flowlink/internal/relay/relay.go:2159.2,2159.29 1 1
github.com/braincreator/flowlink/internal/relay/relay.go:2159.29,2162.3 2 1
github.com/braincreator/flowlink/internal/relay/relay.go:2165.2,2166.16 2 1
github.com/braincreator/flowlink/internal/relay/relay.go:2166.16,2170.3 3 1
github.com/braincreator/flowlink/internal/relay/relay.go:2172.2,2172.20 1 1
github.com/braincreator/flowlink/internal/relay/relay.go:2178.76,2179.35 1 1
github.com/braincreator/flowlink/internal/relay/relay.go:2179.35,2182.3 2 0
github.com/braincreator/flowlink/internal/relay/relay.go:2185.2,2186.22 2 1
github.com/braincreator/flowlink/internal/relay/relay.go:2186.22,2189.3 2 1
github.com/braincreator/flowlink/internal/relay/relay.go:2191.2,2192.41 2 1
github.com/braincreator/flowlink/internal/relay/relay.go:2192.41,2194.3 1 1
github.com/braincreator/flowlink/internal/relay/relay.go:2197.2,2197.45 1 1
github.com/braincreator/flowlink/internal/relay/relay.go:2197.45,2201.3 3 1
github.com/braincreator/flowlink/internal/relay/relay.go:2203.2,2203.57 1 1
github.com/braincreator/flowlink/internal/relay/relay.go:2210.76,2211.35 1 1
github.com/braincreator/flowlink/internal/relay/relay.go:2211.35,2214.3 2 0
github.com/braincreator/flowlink/internal/relay/relay.go:2217.2,2218.22 2 1
github.com/braincreator/flowlink/internal/relay/relay.go:2218.22,2221.3 2 1
github.com/braincreator/flowlink/internal/relay/relay.go:2223.2,2224.41 2 1
github.com/braincreator/flowlink/internal/relay/relay.go:2224.41,2226.3 1 1
github.com/braincreator/flowlink/internal/relay/relay.go:2229.2,2229.53 1 1
github.com/braincreator/flowlink/internal/relay/relay.go:2229.53,2232.3 2 1
github.com/braincreator/flowlink/internal/relay/relay.go:2234.2,2238.64 2 1
github.com/braincreator/flowlink/internal/relay/relay.go:2238.64,2241.3 2 1
github.com/braincreator/flowlink/internal/relay/relay.go:2243.2,2243.25 1 1
github.com/braincreator/flowlink/internal/relay/relay.go:2243.25,2246.3 2 1
github.com/braincreator/flowlink/internal/relay/relay.go:2249.2,2255.4 2 1
github.com/braincreator/flowlink/internal/relay/relay.go:2261.76,2262.20 1 1
github.com/braincreator/flowlink/internal/relay/relay.go:2263.22,2268.5 2 1
github.com/braincreator/flowlink/internal/relay/relay.go:2270.23,2273.59 2 1
github.com/braincreator/flowlink/internal/relay/relay.go:2275.10,2276.72 1 0
github.com/braincreator/flowlink/internal/relay/relay.go:2281.83,2287.20 4 1
github.com/braincreator/flowlink/internal/relay/relay.go:2287.20,2290.3 2 0
github.com/braincreator/flowlink/internal/relay/relay.go:2292.2,2292.20 1 1
github.com/braincreator/flowlink/internal/relay/relay.go:2293.22,2296.22 2 1
github.com/braincreator/flowlink/internal/relay/relay.go:2298.22,2304.65 2 1
github.com/braincreator/flowlink/internal/relay/relay.go:2304.65,2307.4 2 1
github.com/braincreator/flowlink/internal/relay/relay.go:2309.3,2309.54 1 1
github.com/braincreator/flowlink/internal/relay/relay.go:2309.54,2312.4 2 1
github.com/braincreator/flowlink/internal/relay/relay.go:2314.3,2320.5 3 0
github.com/braincreator/flowlink/internal/relay/relay.go:2322.25,2328.5 2 1
github.com/braincreator/flowlink/internal/relay/relay.go:2330.23,2332.45 1 1
github.com/braincreator/flowlink/internal/relay/relay.go:2332.45,2339.4 3 1
github.com/braincreator/flowlink/internal/relay/relay.go:2340.3,2340.68 1 0
github.com/braincreator/flowlink/internal/relay/relay.go:2342.10,2343.72 1 0
github.com/braincreator/flowlink/internal/relay/relay.go:2348.80,2349.34 1 1
github.com/braincreator/flowlink/internal/relay/relay.go:2349.34,2352.3 2 0
github.com/braincreator/flowlink/internal/relay/relay.go:2354.2,2355.21 2 1
github.com/braincreator/flowlink/internal/relay/relay.go:2358.49,2361.2 2 1
github.com/braincreator/flowlink/internal/relay/relay.go:2363.85,2370.2 3 1
github.com/braincreator/flowlink/internal/relay/relay.go:2372.94,2379.2 3 1
github.com/braincreator/flowlink/internal/relay/relay.go:2381.32,2384.2 2 0
github.com/braincreator/flowlink/internal/relay/relay.go:2386.38,2390.2 3 1
github.com/braincreator/flowlink/internal/relay/relay.go:2392.44,2395.16 2 1
github.com/braincreator/flowlink/internal/relay/relay.go:2395.16,2397.62 1 1
github.com/braincreator/flowlink/internal/relay/relay.go:2397.62,2399.4 1 1
github.com/braincreator/flowlink/internal/relay/relay.go:2400.3,2400.14 1 1
github.com/braincreator/flowlink/internal/relay/relay.go:2402.2,2402.11 1 1
github.com/braincreator/flowlink/internal/relay/relay.go:2405.44,2406.57 1 1
github.com/braincreator/flowlink/internal/relay/relay.go:2406.57,2409.3 2 1
github.com/braincreator/flowlink/internal/relay/relay.go:2410.2,2410.51 1 1
github.com/braincreator/flowlink/internal/relay/relay.go:2410.51,2412.3 1 1
github.com/braincreator/flowlink/internal/relay/relay.go:2414.2,2415.52 2 1
github.com/braincreator/flowlink/internal/relay/relay.go:2415.52,2417.3 1 1
github.com/braincreator/flowlink/internal/relay/relay.go:2418.2,2418.13 1 0
github.com/braincreator/flowlink/internal/relay/relay.go:2426.70,2430.30 4 0
github.com/braincreator/flowlink/internal/relay/relay.go:2430.30,2432.3 1 0
github.com/braincreator/flowlink/internal/relay/relay.go:2433.2,2434.27 2 0
github.com/braincreator/flowlink/internal/relay/relay.go:2434.27,2441.3 1 0
github.com/braincreator/flowlink/internal/relay/relay.go:2442.2,2442.15 1 0
github.com/braincreator/flowlink/internal/relay/relay.go:2445.72,2448.28 3 0
github.com/braincreator/flowlink/internal/relay/relay.go:2448.28,2454.3 1 0
github.com/braincreator/flowlink/internal/relay/relay.go:2455.2,2455.15 1 0
github.com/braincreator/flowlink/internal/relay/relay.go:2458.78,2460.16 2 0
github.com/braincreator/flowlink/internal/relay/relay.go:2460.16,2462.3 1 0
github.com/braincreator/flowlink/internal/relay/relay.go:2463.2,2465.27 3 0
github.com/braincreator/flowlink/internal/relay/relay.go:2465.27,2474.3 1 0
github.com/braincreator/flowlink/internal/relay/relay.go:2475.2,2478.3 1 0
github.com/braincreator/flowlink/internal/relay/relay.go:2482.77,2483.34 1 1
github.com/braincreator/flowlink/internal/relay/relay.go:2483.34,2486.3 2 0
github.com/braincreator/flowlink/internal/relay/relay.go:2489.2,2490.17 2 1
github.com/braincreator/flowlink/internal/relay/relay.go:2490.17,2492.3 1 1
github.com/braincreator/flowlink/internal/relay/relay.go:2493.2,2493.17 1 1
github.com/braincreator/flowlink/internal/relay/relay.go:2493.17,2496.3 2 1
github.com/braincreator/flowlink/internal/relay/relay.go:2497.2,2497.90 1 1
github.com/braincreator/flowlink/internal/relay/relay.go:2497.90,2500.3 2 1
github.com/braincreator/flowlink/internal/relay/relay.go:2503.2,2504.18 2 1
github.com/braincreator/flowlink/internal/relay/relay.go:2504.18,2507.3 2 1
github.com/braincreator/flowlink/internal/relay/relay.go:2509.2,2513.18 4 1
github.com/braincreator/flowlink/internal/relay/relay.go:2513.18,2515.3 1 1
github.com/braincreator/flowlink/internal/relay/relay.go:2517.2,2518.21 2 1
github.com/braincreator/flowlink/internal/relay/relay.go:2518.21,2520.3 1 1
github.com/braincreator/flowlink/internal/relay/relay.go:2522.2,2527.24 5 1
github.com/braincreator/flowlink/internal/relay/relay.go:2527.24,2530.17 3 0
github.com/braincreator/flowlink/internal/relay/relay.go:2530.17,2533.4 2 0
github.com/braincreator/flowlink/internal/relay/relay.go:2536.2,2552.9 3 1
github.com/braincreator/flowlink/internal/relay/relay.go:2552.9,2554.21 2 1
github.com/braincreator/flowlink/internal/relay/relay.go:2554.21,2556.4 1 1
github.com/braincreator/flowlink/internal/relay/relay.go:2557.3,2557.20 1 1
github.com/braincreator/flowlink/internal/relay/relay.go:2557.20,2559.4 1 1
github.com/braincreator/flowlink/internal/relay/relay.go:2560.8,2562.3 1 0
github.com/braincreator/flowlink/internal/relay/relay.go:2565.2,2565.42 1 1
github.com/braincreator/flowlink/internal/relay/relay.go:2565.42,2568.3 2 0
github.com/braincreator/flowlink/internal/relay/relay.go:2571.2,2575.16 4 1
github.com/braincreator/flowlink/internal/relay/relay.go:2575.16,2577.3 1 0
github.com/braincreator/flowlink/internal/relay/relay.go:2577.8,2579.3 1 1
github.com/braincreator/flowlink/internal/relay/relay.go:2581.2,2581.16 1 1
github.com/braincreator/flowlink/internal/relay/relay.go:2581.16,2584.3 2 0
github.com/braincreator/flowlink/internal/relay/relay.go:2587.2,2589.25 3 1
github.com/braincreator/flowlink/internal/relay/relay.go:2595.71,2596.38 1 0
github.com/braincreator/flowlink/internal/relay/relay.go:2596.38,2598.3 1 0
github.com/braincreator/flowlink/internal/relay/relay.go:2601.2,2602.16 2 0
github.com/braincreator/flowlink/internal/relay/relay.go:2602.16,2604.3 1 0
github.com/braincreator/flowlink/internal/relay/relay.go:2606.2,2607.36 2 0
github.com/braincreator/flowlink/internal/relay/relay.go:2607.36,2609.17 2 0
github.com/braincreator/flowlink/internal/relay/relay.go:2609.17,2611.4 1 0
github.com/braincreator/flowlink/internal/relay/relay.go:2614.2,2622.30 2 0
github.com/braincreator/flowlink/internal/relay/relay.go:2628.77,2630.63 1 0
github.com/braincreator/flowlink/internal/relay/relay.go:2630.63,2632.3 1 0
github.com/braincreator/flowlink/internal/relay/relay.go:2635.2,2636.16 2 0
github.com/braincreator/flowlink/internal/relay/relay.go:2636.16,2638.3 1 0
github.com/braincreator/flowlink/internal/relay/relay.go:2641.2,2642.16 2 0
github.com/braincreator/flowlink/internal/relay/relay.go:2642.16,2644.3 1 0
github.com/braincreator/flowlink/internal/relay/relay.go:2647.2,2654.27 3 0
github.com/braincreator/flowlink/internal/relay/relay.go:2654.27,2656.3 1 0
github.com/braincreator/flowlink/internal/relay/relay.go:2657.2,2659.31 2 0
github.com/braincreator/flowlink/internal/relay/relay.go:2664.39,2666.2 1 0
github.com/braincreator/flowlink/internal/relay/relay.go:2668.45,2670.2 1 0
github.com/braincreator/flowlink/internal/relay/relay.go:2673.44,2676.2 2 0
github.com/braincreator/flowlink/internal/relay/relay.go:2685.36,2687.2 1 1
github.com/braincreator/flowlink/internal/relay/relay.go:2694.53,2696.19 2 1
github.com/braincreator/flowlink/internal/relay/relay.go:2696.19,2699.3 2 1
github.com/braincreator/flowlink/internal/relay/relay.go:2700.2,2700.48 1 1
github.com/braincreator/flowlink/internal/relay/relay.go:2708.43,2709.20 1 1
github.com/braincreator/flowlink/internal/relay/relay.go:2709.20,2711.3 1 1
github.com/braincreator/flowlink/internal/relay/relay.go:2712.2,2712.14 1 0
github.com/braincreator/flowlink/internal/relay/relay.go:2720.46,2722.2 1 1
github.com/braincreator/flowlink/internal/relay/relay.go:2724.46,2726.2 1 1
github.com/braincreator/flowlink/internal/relay/relay.go:2731.72,2735.2 3 1
github.com/braincreator/flowlink/internal/relay/relay.go:2738.77,2739.31 1 1
github.com/braincreator/flowlink/internal/relay/relay.go:2739.31,2742.3 2 0
github.com/braincreator/flowlink/internal/relay/relay.go:2742.8,2745.3 2 1
github.com/braincreator/flowlink/internal/relay/relay.go:2749.76,2750.30 1 1
github.com/braincreator/flowlink/internal/relay/relay.go:2750.30,2753.3 2 1
github.com/braincreator/flowlink/internal/relay/relay.go:2753.8,2756.3 2 0
github.com/braincreator/flowlink/internal/relay/relay.go:2763.82,2764.28 1 1
github.com/braincreator/flowlink/internal/relay/relay.go:2764.28,2767.3 2 1
github.com/braincreator/flowlink/internal/relay/relay.go:2770.2,2771.22 2 1
github.com/braincreator/flowlink/internal/relay/relay.go:2771.22,2773.3 1 0
github.com/braincreator/flowlink/internal/relay/relay.go:2776.2,2777.16 2 1
github.com/braincreator/flowlink/internal/relay/relay.go:2777.16,2781.3 3 0
github.com/braincreator/flowlink/internal/relay/relay.go:2782.2,2787.16 4 1
github.com/braincreator/flowlink/internal/relay/relay.go:2787.16,2791.3 3 0
github.com/braincreator/flowlink/internal/relay/relay.go:2794.2,2797.30 2 1
github.com/braincreator/flowlink/internal/relay/relay.go:2797.30,2799.3 1 1
github.com/braincreator/flowlink/internal/relay/relay.go:2802.2,2812.16 4 1
github.com/braincreator/flowlink/internal/relay/relay.go:2812.16,2816.3 3 1
github.com/braincreator/flowlink/internal/relay/relay.go:2817.2,2820.33 2 1
github.com/braincreator/flowlink/internal/relay/relay.go:2820.33,2821.24 1 1
github.com/braincreator/flowlink/internal/relay/relay.go:2821.24,2823.4 1 1
github.com/braincreator/flowlink/internal/relay/relay.go:2827.2,2831.16 3 1
github.com/braincreator/flowlink/internal/relay/relay.go:2831.16,2833.3 1 0
github.com/braincreator/flowlink/internal/relay/sse.go:29.69,30.34 1 1
github.com/braincreator/flowlink/internal/relay/sse.go:30.34,33.3 2 1
github.com/braincreator/flowlink/internal/relay/sse.go:36.2,36.70 1 1
github.com/braincreator/flowlink/internal/relay/sse.go:36.70,39.3 2 1
github.com/braincreator/flowlink/internal/relay/sse.go:42.2,43.9 2 1
github.com/braincreator/flowlink/internal/relay/sse.go:43.9,46.3 2 0
github.com/braincreator/flowlink/internal/relay/sse.go:48.2,59.23 8 1
github.com/braincreator/flowlink/internal/relay/sse.go:59.23,68.3 2 1
github.com/braincreator/flowlink/internal/relay/sse.go:71.2,80.6 5 1
github.com/braincreator/flowlink/internal/relay/sse.go:80.6,81.10 1 1
github.com/braincreator/flowlink/internal/relay/sse.go:82.21,85.10 2 1
github.com/braincreator/flowlink/internal/relay/sse.go:87.26,88.11 1 1
github.com/braincreator/flowlink/internal/relay/sse.go:88.11,91.5 1 0
github.com/braincreator/flowlink/internal/relay/sse.go:92.4,92.36 1 1
github.com/braincreator/flowlink/internal/relay/sse.go:94.22,97.19 2 0
github.com/braincreator/flowlink/internal/relay/sse.go:104.78,110.2 5 1
github.com/braincreator/flowlink/internal/relay/sse.go:113.76,115.2 1 0
github.com/braincreator/flowlink/internal/relay/tls.go:49.92,58.2 1 0
github.com/braincreator/flowlink/internal/relay/tls.go:62.69,65.16 2 0
github.com/braincreator/flowlink/internal/relay/tls.go:65.16,67.3 1 0
github.com/braincreator/flowlink/internal/relay/tls.go:70.2,71.16 2 0
github.com/braincreator/flowlink/internal/relay/tls.go:71.16,73.3 1 0
github.com/braincreator/flowlink/internal/relay/tls.go:76.2,96.16 3 0
github.com/braincreator/flowlink/internal/relay/tls.go:96.16,98.3 1 0
github.com/braincreator/flowlink/internal/relay/tls.go:101.2,101.66 1 0
github.com/braincreator/flowlink/internal/relay/tls.go:101.66,103.3 1 0
github.com/braincreator/flowlink/internal/relay/tls.go:104.2,104.65 1 0
github.com/braincreator/flowlink/internal/relay/tls.go:104.65,106.3 1 0
github.com/braincreator/flowlink/internal/relay/tls.go:109.2,110.16 2 0
github.com/braincreator/flowlink/internal/relay/tls.go:110.16,112.3 1 0
github.com/braincreator/flowlink/internal/relay/tls.go:113.2,118.17 2 0
github.com/braincreator/flowlink/internal/relay/tls.go:118.17,120.3 1 0
github.com/braincreator/flowlink/internal/relay/tls.go:123.2,124.16 2 0
github.com/braincreator/flowlink/internal/relay/tls.go:124.16,126.3 1 0
github.com/braincreator/flowlink/internal/relay/tls.go:127.2,130.16 3 0
github.com/braincreator/flowlink/internal/relay/tls.go:130.16,132.3 1 0
github.com/braincreator/flowlink/internal/relay/tls.go:134.2,137.17 1 0
github.com/braincreator/flowlink/internal/relay/tls.go:137.17,139.3 1 0
github.com/braincreator/flowlink/internal/relay/tls.go:141.2,141.12 1 0
github.com/braincreator/flowlink/internal/relay/tls.go:145.81,151.29 3 0
github.com/braincreator/flowlink/internal/relay/tls.go:151.29,153.17 2 0
github.com/braincreator/flowlink/internal/relay/tls.go:153.17,155.4 1 0
github.com/braincreator/flowlink/internal/relay/tls.go:156.3,156.20 1 0
github.com/braincreator/flowlink/internal/relay/tls.go:160.2,160.74 1 0
github.com/braincreator/flowlink/internal/relay/tls.go:160.74,162.3 1 0
github.com/braincreator/flowlink/internal/relay/tls.go:165.2,166.16 2 0
github.com/braincreator/flowlink/internal/relay/tls.go:166.16,168.3 1 0
github.com/braincreator/flowlink/internal/relay/tls.go:170.2,170.19 1 0
github.com/braincreator/flowlink/internal/relay/tls.go:175.66,176.18 1 0
github.com/braincreator/flowlink/internal/relay/tls.go:176.18,178.3 1 0
github.com/braincreator/flowlink/internal/relay/tls.go:181.2,181.52 1 0
github.com/braincreator/flowlink/internal/relay/tls.go:181.52,183.3 1 0
github.com/braincreator/flowlink/internal/relay/tls.go:186.2,198.23 3 0
github.com/braincreator/flowlink/internal/relay/tls.go:203.53,204.17 1 0
github.com/braincreator/flowlink/internal/relay/tls.go:204.17,206.3 1 0
github.com/braincreator/flowlink/internal/relay/tls.go:208.2,209.48 2 0
github.com/braincreator/flowlink/internal/relay/tls.go:213.84,214.31 1 0
github.com/braincreator/flowlink/internal/relay/tls.go:214.31,216.3 1 0
github.com/braincreator/flowlink/internal/relay/tls.go:218.2,218.17 1 0
github.com/braincreator/flowlink/internal/relay/tls.go:218.17,220.3 1 0
github.com/braincreator/flowlink/internal/relay/tls.go:222.2,223.46 2 0
github.com/braincreator/flowlink/internal/relay/tls.go:223.46,226.3 1 0
github.com/braincreator/flowlink/internal/relay/tls.go:228.2,228.12 1 0
github.com/braincreator/flowlink/internal/relay/tls.go:232.60,233.17 1 0
github.com/braincreator/flowlink/internal/relay/tls.go:234.25,235.34 1 0
github.com/braincreator/flowlink/internal/relay/tls.go:236.26,237.35 1 0
github.com/braincreator/flowlink/internal/relay/tls.go:238.21,239.30 1 0
github.com/braincreator/flowlink/internal/relay/tls.go:240.10,241.65 1 0
github.com/braincreator/flowlink/internal/relay/tls.go:246.67,248.16 2 0
github.com/braincreator/flowlink/internal/relay/tls.go:248.16,250.3 1 0
github.com/braincreator/flowlink/internal/relay/tls.go:252.2,259.8 2 0
github.com/braincreator/flowlink/internal/relay/tls.go:263.68,265.16 2 0
github.com/braincreator/flowlink/internal/relay/tls.go:265.16,267.3 1 0
github.com/braincreator/flowlink/internal/relay/tls.go:269.2,271.23 2 0
github.com/braincreator/flowlink/internal/relay/tls.go:275.63,277.16 2 0
github.com/braincreator/flowlink/internal/relay/tls.go:277.16,279.3 1 0
github.com/braincreator/flowlink/internal/relay/tls.go:281.2,286.8 2 0
github.com/braincreator/flowlink/internal/relay/tls.go:290.63,292.2 1 0
github.com/braincreator/flowlink/internal/relay/tls.go:295.73,296.37 1 0
github.com/braincreator/flowlink/internal/relay/tls.go:296.37,298.32 1 0
github.com/braincreator/flowlink/internal/relay/tls.go:298.32,300.18 2 0
github.com/braincreator/flowlink/internal/relay/tls.go:300.18,302.5 1 0
github.com/braincreator/flowlink/internal/relay/tls.go:303.4,303.34 1 0
github.com/braincreator/flowlink/internal/relay/tls.go:305.3,305.12 1 0
github.com/braincreator/flowlink/internal/relay/tls.go:307.2,307.35 1 0
github.com/braincreator/flowlink/internal/relay/tls.go:311.35,314.2 2 0
